domainLength,visitCount,durationSeconds,isKnownAiDomain,hourOfDay,pathDepth,chatInterfacePresent,promptInputPresent,generateControlPresent,regenerateControlPresent,aiTermCount,streamingOutputPresent,fileUploadPresent,promptSubmitCount,generateClickCount,pasteEventCount,copyFromResponseCount,typedCharCountBucket,label
15,11,326,True,1,4,True,True,True,False,15,False,True,2,0,1,0,3,AI_INTERACTION
21,26,244,False,4,3,True,True,True,False,13,False,True,3,0,3,0,3,AI_INTERACTION
19,19,396,True,8,2,True,True,True,True,9,True,False,7,2,0,2,4,AI_GENERATION
15,30,430,True,0,3,True,True,True,True,3,False,False,1,1,1,0,1,AI_INTERACTION
11,30,98,False,21,1,False,False,False,False,0,False,True,0,0,0,0,0,NON_AI
23,12,824,True,11,2,True,True,True,False,13,True,True,2,4,1,6,4,AI_GENERATION
10,20,106,False,0,1,True,True,True,False,15,False,True,3,1,3,0,3,AI_INTERACTION
8,35,478,False,13,0,False,False,False,False,0,False,False,0,0,0,0,0,NON_AI
20,37,38,False,5,4,False,False,False,False,0,False,False,0,0,0,0,0,NON_AI
21,24,238,True,12,3,True,True,True,False,8,False,False,2,3,3,0,2,AI_INTERACTION
12,11,99,True,15,1,True,True,True,False,12,False,False,0,0,0,0,0,AI_CAPABLE_PAGE
13,50,196,True,2,2,True,True,True,True,8,False,False,1,5,4,1,2,AI_GENERATION
22,41,249,True,3,2,True,True,True,True,16,True,False,7,5,1,2,2,AI_GENERATION
12,9,420,False,8,2,True,True,True,True,13,False,False,1,0,1,0,2,AI_INTERACTION
17,26,428,True,8,2,True,True,True,False,15,False,True,2,1,0,0,2,AI_INTERACTION
12,13,59,True,21,1,True,True,False,True,9,False,True,0,0,0,0,0,AI_CAPABLE_PAGE
17,1,20,True,17,2,True,True,True,True,9,False,False,0,0,0,0,0,AI_CAPABLE_PAGE
13,29,49,False,13,2,False,False,False,False,0,False,False,0,0,0,0,0,NON_AI
13,3,418,True,8,3,True,True,True,False,4,False,True,3,3,0,0,2,AI_INTERACTION
17,28,626,False,2,3,True,True,True,True,6,True,False,1,1,1,0,3,AI_GENERATION
22,10,442,True,7,1,True,True,True,True,4,False,True,2,0,0,0,1,AI_INTERACTION
14,3,273,True,14,3,True,True,True,True,11,False,True,4,1,1,0,2,AI_INTERACTION
25,10,445,False,4,0,False,False,False,False,0,False,False,0,0,0,0,0,NON_AI
16,18,236,True,18,1,True,True,True,False,11,False,False,1,1,2,0,2,AI_INTERACTION
18,32,388,False,22,2,True,True,True,False,13,False,False,4,0,0,0,1,AI_INTERACTION
20,11,184,True,23,1,True,True,True,False,12,False,False,1,0,0,0,1,AI_INTERACTION
24,41,100,True,17,3,True,True,True,True,13,True,False,1,3,1,1,3,AI_GENERATION
21,38,746,False,18,2,True,True,True,False,9,False,True,6,7,0,4,2,AI_GENERATION
20,43,575,True,11,2,True,True,True,False,9,False,False,6,7,5,4,2,AI_GENERATION
21,19,161,False,6,2,False,False,False,False,0,False,False,0,0,0,0,0,NON_AI
15,44,73,True,5,2,True,True,True,True,12,True,True,3,1,0,0,4,AI_GENERATION
23,31,252,True,9,1,True,True,True,True,10,False,False,1,2,2,0,2,AI_INTERACTION
14,48,69,True,5,2,True,True,True,False,19,True,False,3,1,2,3,2,AI_GENERATION
22,20,469,True,21,4,True,True,True,False,5,True,False,7,3,3,3,2,AI_GENERATION
13,3,39,False,3,0,True,True,True,True,7,False,False,0,0,0,0,0,AI_CAPABLE_PAGE
15,37,397,False,7,3,False,True,False,False,0,False,False,0,0,0,0,0,NON_AI
18,10,89,True,17,3,True,True,True,False,7,False,False,0,0,0,0,0,AI_CAPABLE_PAGE
19,6,119,False,3,1,True,True,False,False,6,False,False,0,0,0,0,0,AI_CAPABLE_PAGE
23,19,573,True,22,4,True,True,True,False,12,True,False,4,7,5,3,4,AI_GENERATION
22,22,166,False,11,2,False,False,False,False,0,False,False,0,0,0,0,0,NON_AI
20,9,116,False,0,1,False,False,False,False,0,False,False,0,0,0,0,0,NON_AI
23,3,181,False,8,3,False,False,False,False,0,False,False,0,0,1,0,0,NON_AI
11,25,86,True,18,2,True,True,True,False,8,False,False,0,0,0,0,0,AI_CAPABLE_PAGE
18,32,35,True,5,2,True,True,True,False,3,False,True,2,1,0,0,3,AI_INTERACTION
23,18,85,True,12,2,True,True,True,False,11,False,False,2,1,0,0,2,AI_INTERACTION
19,13,32,True,9,0,True,True,False,False,9,False,True,0,0,0,0,0,AI_CAPABLE_PAGE
19,10,68,True,17,3,True,True,True,False,4,False,True,0,0,0,0,0,AI_CAPABLE_PAGE
13,20,148,True,15,1,True,True,True,False,12,False,True,1,3,0,0,2,AI_INTERACTION
13,10,64,True,15,3,True,True,True,False,5,False,True,0,0,0,0,0,AI_CAPABLE_PAGE
23,14,211,False,17,2,False,False,False,False,0,False,False,0,0,0,0,0,NON_AI
14,28,122,False,17,1,False,False,False,False,0,False,False,0,0,0,0,0,NON_AI
15,25,877,True,21,3,True,True,True,True,14,True,True,5,1,3,0,2,AI_GENERATION
16,24,112,False,4,1,True,True,False,False,11,False,False,0,0,0,0,0,AI_CAPABLE_PAGE
12,31,14,False,5,3,False,False,False,False,0,False,False,0,0,0,0,0,NON_AI
20,4,588,False,17,1,False,False,False,False,0,False,False,0,0,0,0,0,NON_AI
21,12,367,False,6,1,False,False,False,False,0,False,False,0,0,0,0,0,NON_AI
13,5,9,True,6,0,True,True,True,False,9,False,False,0,0,0,0,0,AI_CAPABLE_PAGE
15,7,41,True,15,2,True,True,False,True,4,False,True,0,0,0,0,0,AI_CAPABLE_PAGE
20,14,106,True,10,3,True,True,True,False,6,False,True,0,0,0,0,0,AI_CAPABLE_PAGE
14,6,69,False,3,1,True,True,True,False,4,False,False,3,1,0,0,2,AI_INTERACTION
17,4,47,True,18,3,True,True,True,False,4,False,True,0,0,0,0,0,AI_CAPABLE_PAGE
15,6,31,True,17,0,True,True,True,False,4,False,False,0,0,0,0,0,AI_CAPABLE_PAGE
22,22,43,False,2,0,False,False,False,False,0,False,False,0,0,0,0,0,NON_AI
24,5,193,True,2,2,True,True,True,False,10,False,True,2,0,1,0,3,AI_INTERACTION
20,25,93,True,4,2,True,True,True,False,7,False,False,0,0,0,0,0,AI_CAPABLE_PAGE
14,32,233,True,22,3,True,True,True,True,3,False,False,1,3,3,0,2,AI_INTERACTION
17,24,610,True,14,2,True,True,True,False,7,True,False,4,1,5,4,4,AI_GENERATION
21,38,413,False,11,1,False,False,False,False,0,False,False,0,0,0,0,0,NON_AI
18,4,93,True,6,3,True,True,True,False,10,False,False,0,0,0,0,0,AI_CAPABLE_PAGE
17,10,87,True,18,0,True,True,True,True,3,False,False,0,0,0,0,0,AI_CAPABLE_PAGE
23,21,496,False,11,4,False,False,False,False,0,False,False,0,0,0,0,0,NON_AI
17,29,313,False,2,2,True,True,True,False,11,False,True,2,0,1,0,3,AI_INTERACTION
14,32,209,False,7,5,False,False,False,False,0,False,False,0,0,0,0,0,NON_AI
21,10,262,True,11,2,True,True,True,True,6,False,True,2,3,2,0,3,AI_INTERACTION
16,39,731,True,5,1,True,True,True,True,9,True,True,4,7,1,1,4,AI_GENERATION
13,13,103,True,17,2,True,True,True,False,8,False,True,0,0,0,0,0,AI_CAPABLE_PAGE
21,10,309,True,1,1,True,True,True,True,14,False,False,2,2,0,3,3,AI_GENERATION
19,5,114,True,22,2,True,True,True,True,7,False,False,0,0,0,0,0,AI_CAPABLE_PAGE
20,20,244,False,13,5,False,False,False,False,0,False,False,0,0,0,0,0,NON_AI
15,46,490,True,5,2,True,True,True,True,17,True,True,4,3,2,6,4,AI_GENERATION
11,10,692,True,14,2,True,True,True,False,20,True,False,4,4,4,0,4,AI_GENERATION
14,7,72,True,9,1,True,True,True,False,5,False,False,0,0,0,0,0,AI_CAPABLE_PAGE
22,19,452,True,4,1,True,True,True,False,17,True,True,4,1,0,5,4,AI_GENERATION
24,28,225,True,11,1,True,True,True,True,6,False,False,2,3,1,0,2,AI_INTERACTION
15,24,234,True,10,4,True,True,True,False,9,False,True,4,3,0,0,2,AI_INTERACTION
21,19,8,True,20,2,True,True,True,False,7,False,False,0,0,0,0,0,AI_CAPABLE_PAGE
17,32,591,False,17,2,False,False,False,False,0,False,False,0,0,0,0,0,NON_AI
23,30,558,False,8,4,False,False,False,False,0,False,False,0,0,0,0,0,NON_AI
18,9,115,True,3,1,True,True,True,False,10,False,True,4,1,3,0,2,AI_INTERACTION
24,8,197,True,19,1,True,True,True,True,19,False,False,6,2,4,1,4,AI_GENERATION
17,34,560,False,13,1,True,True,True,True,17,False,False,1,1,5,4,4,AI_GENERATION
25,44,617,True,7,2,True,True,True,False,13,True,True,2,7,2,3,2,AI_GENERATION
9,23,450,False,8,5,False,False,False,False,0,False,False,0,0,0,0,0,NON_AI
11,49,138,False,19,4,True,True,True,False,14,True,False,2,8,4,4,4,AI_GENERATION
16,17,97,True,23,3,True,True,True,False,2,False,True,0,0,0,0,0,AI_CAPABLE_PAGE
9,33,589,False,16,4,False,False,False,False,0,False,False,0,0,0,0,0,NON_AI
19,34,278,False,2,5,False,False,False,False,0,False,False,0,0,0,0,0,NON_AI
14,8,495,False,7,5,False,False,False,False,0,False,False,0,0,0,0,0,NON_AI
24,50,793,True,12,1,True,True,True,True,14,True,True,2,7,3,3,3,AI_GENERATION
23,14,355,False,13,2,False,False,False,False,0,False,False,0,0,0,0,1,NON_AI
17,7,80,False,15,3,True,True,True,True,7,False,False,0,0,0,0,0,AI_CAPABLE_PAGE
11,24,452,False,12,5,False,False,False,False,0,False,False,0,0,0,0,0,NON_AI
11,33,125,False,9,0,False,False,False,False,0,False,False,0,0,0,0,0,NON_AI
22,22,149,True,12,3,True,True,True,False,11,False,True,3,0,3,0,3,AI_INTERACTION
20,19,88,True,1,1,True,True,True,True,5,False,False,0,0,0,0,0,AI_CAPABLE_PAGE
13,10,89,True,15,3,True,True,True,False,10,False,False,0,0,0,0,0,AI_CAPABLE_PAGE
16,1,83,True,6,0,True,True,True,False,7,False,True,0,0,0,0,0,AI_CAPABLE_PAGE
19,19,47,True,19,2,True,True,True,True,9,False,False,0,0,0,0,0,AI_CAPABLE_PAGE
20,48,852,True,13,1,True,True,True,False,7,True,False,2,8,0,0,3,AI_GENERATION
25,20,167,True,0,4,True,True,True,True,11,True,False,5,2,5,5,3,AI_GENERATION
17,28,240,True,17,1,True,True,True,False,9,False,True,2,2,1,0,3,AI_INTERACTION
23,25,42,True,12,3,True,True,True,False,14,False,True,2,3,2,0,1,AI_INTERACTION
11,17,43,True,11,1,True,True,True,False,2,False,True,0,0,0,0,0,AI_CAPABLE_PAGE
14,16,118,False,2,1,True,True,True,False,8,False,False,0,0,0,0,0,AI_CAPABLE_PAGE
12,3,254,True,22,4,True,True,True,True,11,False,False,3,0,3,0,2,AI_INTERACTION
21,18,92,True,0,1,True,True,True,False,15,False,True,3,0,1,0,1,AI_INTERACTION
17,3,15,True,17,1,True,True,True,False,9,False,False,0,0,0,0,0,AI_CAPABLE_PAGE
25,38,191,False,4,3,False,False,False,False,0,False,False,0,0,0,0,0,NON_AI
12,7,45,False,9,3,False,True,False,False,0,False,False,0,0,0,0,0,NON_AI
23,32,93,True,14,4,True,True,True,False,13,False,False,4,0,2,0,1,AI_INTERACTION
16,24,36,True,7,3,True,True,True,False,12,False,False,0,0,0,0,0,AI_CAPABLE_PAGE
14,35,164,True,8,3,True,True,True,True,20,True,False,4,6,1,1,4,AI_GENERATION
20,22,165,False,14,4,True,True,True,True,3,False,False,3,3,1,0,2,AI_INTERACTION
14,8,507,True,1,4,True,True,True,True,20,True,False,4,7,4,6,4,AI_GENERATION
22,4,469,False,4,4,False,False,False,False,0,False,False,0,0,0,0,0,NON_AI
14,11,52,True,12,0,True,True,False,False,3,False,True,0,0,0,0,0,AI_CAPABLE_PAGE
14,26,283,True,12,4,True,True,True,False,6,False,True,2,3,0,0,3,AI_INTERACTION
10,7,228,True,16,2,True,True,True,False,6,False,False,4,1,3,0,2,AI_INTERACTION
12,25,659,True,7,2,True,True,True,True,19,False,True,1,5,3,4,3,AI_GENERATION
22,17,127,False,2,1,False,False,False,False,0,False,False,0,0,0,0,0,NON_AI
24,17,555,False,18,2,False,False,False,False,0,False,False,0,0,0,0,0,NON_AI
22,15,84,True,4,3,True,True,True,False,5,False,False,0,0,0,0,0,AI_CAPABLE_PAGE
24,42,773,True,22,3,True,True,True,True,5,False,False,5,4,1,2,2,AI_GENERATION
17,31,495,False,14,2,False,False,False,False,0,False,False,0,0,0,0,0,NON_AI
16,11,385,False,4,5,False,False,False,False,0,False,False,0,0,0,0,1,NON_AI
20,23,72,True,17,3,True,True,True,False,6,False,True,0,0,0,0,0,AI_CAPABLE_PAGE
21,5,256,True,0,1,True,True,True,True,6,False,True,2,0,0,0,1,AI_INTERACTION
21,14,14,True,7,1,True,True,True,False,12,False,False,0,0,0,0,0,AI_CAPABLE_PAGE
8,26,265,False,0,5,False,False,False,False,0,False,False,0,0,0,0,0,NON_AI
22,37,109,True,11,2,True,True,True,True,12,True,False,3,5,1,1,4,AI_GENERATION
24,29,14,False,0,5,False,False,False,False,0,False,False,0,0,0,0,0,NON_AI
14,20,119,True,10,3,True,True,True,True,12,False,True,0,0,0,0,0,AI_CAPABLE_PAGE
19,5,78,True,0,3,True,True,False,True,9,False,False,0,0,0,0,0,AI_CAPABLE_PAGE
22,17,382,False,5,4,False,False,False,False,0,False,False,0,0,0,0,0,NON_AI
23,35,319,True,4,1,True,True,True,True,16,True,True,3,1,2,0,4,AI_GENERATION
13,18,54,True,11,3,True,True,True,False,12,False,True,0,0,0,0,0,AI_CAPABLE_PAGE
12,1,19,False,2,3,True,True,False,False,5,False,False,0,0,0,0,0,AI_CAPABLE_PAGE
19,21,441,False,23,0,False,False,False,False,0,False,True,0,0,0,0,0,NON_AI
21,29,354,True,19,1,True,True,True,False,15,False,False,1,0,3,0,1,AI_INTERACTION
22,12,45,True,9,4,True,True,True,False,7,False,False,1,0,2,0,1,AI_INTERACTION
19,14,95,True,14,1,True,True,True,False,9,False,False,0,0,0,0,0,AI_CAPABLE_PAGE
21,25,337,True,21,4,True,True,True,True,6,False,False,1,3,3,0,2,AI_INTERACTION
13,34,96,False,4,2,True,True,True,False,14,False,True,4,2,0,0,1,AI_INTERACTION
14,10,67,True,2,3,True,True,True,True,10,False,True,0,0,0,0,0,AI_CAPABLE_PAGE
18,21,179,False,6,4,True,True,True,True,19,True,False,7,6,3,4,2,AI_GENERATION
14,11,79,True,16,2,True,True,True,True,3,False,False,2,0,3,0,1,AI_INTERACTION
15,23,101,True,13,2,True,True,True,True,10,False,False,0,0,0,0,0,AI_CAPABLE_PAGE
20,50,457,True,9,4,True,True,True,False,7,True,False,3,4,2,6,2,AI_GENERATION
21,7,570,True,9,4,True,True,True,True,13,False,True,2,3,4,5,4,AI_GENERATION
19,26,183,False,14,0,False,False,False,False,0,False,False,0,0,1,0,0,NON_AI
10,3,32,True,4,0,True,True,False,False,9,False,False,0,0,0,0,0,AI_CAPABLE_PAGE
25,20,121,True,19,1,True,True,True,True,6,True,True,1,7,1,2,2,AI_GENERATION
24,21,551,True,1,1,True,True,True,True,18,False,True,5,7,3,4,3,AI_GENERATION
21,17,113,True,17,0,True,True,True,False,3,False,False,0,0,0,0,0,AI_CAPABLE_PAGE
17,10,205,True,9,3,True,True,True,True,9,False,False,4,0,1,0,2,AI_INTERACTION
16,3,16,True,1,3,True,True,False,False,9,False,True,0,0,0,0,0,AI_CAPABLE_PAGE
25,22,564,False,11,5,False,False,False,False,0,False,False,0,0,0,0,0,NON_AI
11,18,684,True,14,1,True,True,True,True,13,True,True,6,3,5,0,3,AI_GENERATION
22,22,318,False,22,4,False,False,False,False,0,False,False,0,0,0,0,0,NON_AI
18,14,191,True,23,3,True,True,True,False,14,False,False,3,3,0,0,3,AI_INTERACTION
17,8,402,True,20,1,True,True,True,True,4,True,False,3,3,5,0,4,AI_GENERATION
20,50,662,True,2,3,True,True,True,True,5,True,True,7,7,2,0,2,AI_GENERATION
16,3,243,True,2,2,True,True,True,False,3,False,True,4,2,3,0,3,AI_INTERACTION
18,12,773,False,3,3,True,True,True,False,6,True,True,6,3,3,0,3,AI_GENERATION
20,26,358,False,4,2,False,True,False,False,0,False,False,0,0,0,0,0,NON_AI
21,16,64,False,7,0,False,False,False,False,0,False,False,0,0,0,0,0,NON_AI
14,32,669,True,11,3,True,True,True,True,11,True,False,2,1,0,0,3,AI_GENERATION
12,39,584,True,11,3,True,True,True,True,13,False,False,5,5,5,1,3,AI_GENERATION
13,32,365,True,5,4,True,True,True,True,4,False,True,3,3,1,0,2,AI_INTERACTION
21,38,499,False,16,1,False,False,False,False,0,False,False,0,0,0,0,0,NON_AI
21,11,669,True,15,1,True,True,True,True,6,True,False,3,8,1,0,3,AI_GENERATION
16,32,105,False,7,1,False,False,False,False,0,False,False,0,0,0,0,0,NON_AI
12,32,444,True,16,3,True,True,True,True,14,False,False,4,1,2,0,3,AI_INTERACTION
15,5,70,True,11,0,True,True,True,False,7,False,False,0,0,0,0,0,AI_CAPABLE_PAGE
8,40,540,False,13,0,False,False,False,False,0,False,False,0,0,0,0,0,NON_AI
21,34,352,True,13,1,True,True,True,True,7,False,False,1,1,2,0,2,AI_INTERACTION
24,9,340,False,19,2,False,False,False,False,0,False,False,0,0,0,0,0,NON_AI
25,22,184,False,21,3,False,False,False,False,0,False,False,0,0,0,0,0,NON_AI
10,15,475,True,17,4,True,True,True,False,7,True,False,3,1,1,0,4,AI_GENERATION
18,2,69,False,3,1,True,False,False,True,6,False,False,0,0,0,0,0,AI_CAPABLE_PAGE
17,11,43,True,11,0,True,True,True,False,4,False,False,0,0,0,0,0,AI_CAPABLE_PAGE
23,24,90,True,4,4,True,True,True,True,15,False,False,3,7,5,3,2,AI_GENERATION
17,8,359,True,4,1,True,True,True,True,5,False,True,4,1,0,0,1,AI_INTERACTION
12,6,274,True,2,2,True,True,True,True,15,False,False,3,1,2,0,2,AI_INTERACTION
9,40,75,False,7,5,False,False,False,False,0,False,False,0,0,0,0,0,NON_AI
23,30,461,False,11,2,False,False,False,False,0,False,False,0,0,0,0,0,NON_AI
10,13,457,False,6,3,False,False,False,False,0,False,False,0,0,0,0,0,NON_AI
21,4,299,False,19,2,False,False,False,False,0,False,False,0,0,0,0,0,NON_AI
12,17,146,True,14,2,True,True,True,True,12,False,True,3,0,1,0,3,AI_INTERACTION
16,5,151,True,18,1,True,True,True,True,14,False,False,1,0,1,0,1,AI_INTERACTION
11,11,7,True,19,3,True,True,True,False,5,False,False,0,0,0,0,0,AI_CAPABLE_PAGE
10,11,53,True,20,1,True,True,True,False,11,False,True,0,0,0,0,0,AI_CAPABLE_PAGE
13,25,60,True,8,2,True,True,True,False,7,False,False,0,0,0,0,0,AI_CAPABLE_PAGE
15,34,312,False,8,1,True,True,True,False,6,False,True,4,2,0,0,1,AI_INTERACTION
18,16,55,False,23,3,False,False,False,False,0,False,True,0,0,0,0,0,NON_AI
22,21,114,True,23,4,True,True,True,False,10,False,False,3,2,0,0,3,AI_INTERACTION
14,8,407,False,6,3,False,False,False,False,0,False,False,0,0,0,0,1,NON_AI
22,29,780,True,11,4,True,True,True,False,8,True,True,2,8,3,5,3,AI_GENERATION
9,12,511,False,14,0,False,False,False,False,0,False,False,0,0,0,0,1,NON_AI
21,3,89,True,17,3,True,True,True,False,10,False,True,0,0,0,0,0,AI_CAPABLE_PAGE
14,23,114,True,10,0,True,True,True,True,5,False,False,0,0,0,0,0,AI_CAPABLE_PAGE
22,26,366,False,22,1,True,True,True,False,11,True,False,1,8,4,0,3,AI_GENERATION
19,13,173,False,12,0,False,False,False,False,0,False,False,0,0,0,0,0,NON_AI
10,12,22,False,18,1,True,True,True,False,7,False,True,0,0,0,0,0,AI_CAPABLE_PAGE
10,11,93,True,3,2,True,True,True,True,5,False,False,0,0,0,0,0,AI_CAPABLE_PAGE
14,27,403,False,18,5,False,True,False,False,0,False,False,0,0,0,0,0,NON_AI
12,40,888,True,0,1,True,True,True,True,9,True,False,3,5,0,3,2,AI_GENERATION
20,4,90,False,4,3,True,True,False,False,11,False,True,0,0,0,0,0,AI_CAPABLE_PAGE
12,7,173,False,14,3,False,False,False,False,0,False,False,0,0,0,0,0,NON_AI
11,19,56,True,18,1,True,True,True,False,9,False,True,0,0,0,0,0,AI_CAPABLE_PAGE
22,11,504,False,3,1,True,True,True,True,8,False,True,7,3,5,3,4,AI_GENERATION
24,1,572,False,9,5,False,False,False,False,0,False,False,0,0,0,0,0,NON_AI
12,1,17,True,23,0,True,True,False,False,2,False,False,0,0,0,0,0,AI_CAPABLE_PAGE
9,12,432,False,5,0,False,False,False,False,0,False,False,0,0,0,0,0,NON_AI
10,10,83,True,20,3,True,True,True,False,10,False,True,0,0,0,0,0,AI_CAPABLE_PAGE
22,14,117,True,19,0,True,True,True,False,2,False,False,0,0,0,0,0,AI_CAPABLE_PAGE
14,5,603,True,2,4,True,True,True,True,14,True,False,8,4,2,0,4,AI_GENERATION
17,6,226,False,14,4,False,False,False,False,0,False,False,0,0,0,0,0,NON_AI
13,32,95,False,4,4,False,False,False,False,0,False,False,0,0,0,0,1,NON_AI
8,20,215,False,16,4,False,False,False,False,0,False,False,0,0,0,0,0,NON_AI
25,33,422,False,3,0,False,False,False,False,0,False,False,0,0,0,0,0,NON_AI
12,32,223,True,16,2,True,True,True,True,17,True,False,5,5,4,3,2,AI_GENERATION
24,9,286,True,16,1,True,True,True,False,7,False,False,2,1,2,0,2,AI_INTERACTION
20,30,182,False,17,4,True,True,True,True,15,False,False,3,2,0,0,2,AI_INTERACTION
15,10,219,True,15,1,True,True,True,True,8,False,False,2,2,1,0,2,AI_INTERACTION
23,32,286,True,19,2,True,True,True,False,10,False,False,4,0,0,0,1,AI_INTERACTION
18,45,287,True,10,1,True,True,True,True,12,False,False,3,2,2,1,2,AI_GENERATION
13,1,20,True,0,3,True,True,True,True,5,False,False,0,0,0,0,0,AI_CAPABLE_PAGE
21,22,524,False,8,0,False,False,False,False,0,False,False,0,0,0,0,0,NON_AI
19,9,574,False,1,4,False,False,False,False,0,False,False,0,0,0,0,0,NON_AI
20,12,355,True,19,2,True,True,True,False,15,False,False,4,1,2,0,1,AI_INTERACTION
16,17,55,True,15,0,True,True,True,True,10,False,False,0,0,0,0,0,AI_CAPABLE_PAGE
17,6,774,True,22,1,True,True,True,True,7,True,True,1,7,5,0,3,AI_GENERATION
17,30,467,False,1,0,False,False,False,False,0,False,False,0,0,0,0,0,NON_AI
17,4,93,True,21,1,True,True,True,False,12,False,True,0,0,0,0,0,AI_CAPABLE_PAGE
24,37,583,False,7,5,False,False,False,False,0,False,False,0,0,0,0,0,NON_AI
20,31,109,False,6,1,True,True,True,False,11,False,False,4,1,0,0,3,AI_INTERACTION
20,20,169,True,6,1,True,True,True,False,13,False,True,3,3,2,0,1,AI_INTERACTION
21,21,148,False,7,2,False,False,False,False,0,False,False,0,0,0,0,0,NON_AI
15,3,422,True,0,2,True,True,True,False,10,False,True,2,2,1,0,3,AI_INTERACTION
10,14,512,True,2,3,True,True,True,True,14,True,False,3,7,0,2,4,AI_GENERATION
23,30,582,False,18,3,False,False,False,False,0,False,False,0,0,0,0,0,NON_AI
20,25,56,True,22,2,True,True,True,True,2,False,False,0,0,0,0,0,AI_CAPABLE_PAGE
13,32,439,False,6,3,False,False,False,False,0,False,False,0,0,0,0,0,NON_AI
22,18,29,True,2,2,True,True,False,True,8,False,True,0,0,0,0,0,AI_CAPABLE_PAGE
13,25,76,True,20,1,True,True,True,False,3,False,False,0,0,0,0,0,AI_CAPABLE_PAGE
18,39,210,False,15,2,False,False,False,False,0,False,False,0,0,0,0,0,NON_AI
22,5,8,True,9,2,True,True,True,False,5,False,False,0,0,0,0,0,AI_CAPABLE_PAGE
20,18,45,True,6,3,True,True,True,False,9,False,False,0,0,0,0,0,AI_CAPABLE_PAGE
21,8,18,True,10,1,True,True,False,False,3,False,True,0,0,0,0,0,AI_CAPABLE_PAGE
22,5,51,False,8,1,True,True,True,False,7,False,True,1,3,1,0,1,AI_INTERACTION
17,23,78,True,14,2,True,True,True,True,13,False,False,2,2,0,0,1,AI_INTERACTION
16,10,634,True,6,2,True,True,True,True,9,True,False,8,5,3,4,3,AI_GENERATION
18,20,652,True,7,3,True,True,True,False,12,False,True,3,3,1,1,4,AI_GENERATION
25,15,98,True,12,3,True,True,True,True,9,True,False,8,2,0,0,4,AI_GENERATION
14,21,127,False,23,4,False,False,False,False,0,False,False,0,0,0,0,0,NON_AI
23,22,300,False,10,3,True,True,True,False,14,True,False,6,5,3,0,4,AI_GENERATION
16,6,49,False,7,4,False,False,False,False,0,False,False,0,0,0,0,0,NON_AI
21,24,396,False,14,3,False,False,False,False,0,False,False,0,0,0,0,0,NON_AI
13,1,350,False,9,4,False,False,False,False,0,False,False,0,0,0,0,0,NON_AI
10,23,29,True,0,1,True,True,True,True,5,False,False,0,0,0,0,0,AI_CAPABLE_PAGE
13,14,202,False,4,0,False,False,False,False,0,False,False,0,0,0,0,0,NON_AI
15,47,514,True,13,4,True,True,True,True,14,True,False,1,6,3,2,2,AI_GENERATION
20,30,551,False,20,2,False,False,False,False,0,False,False,0,0,0,0,0,NON_AI
11,10,547,True,19,2,True,True,True,True,13,False,True,1,4,0,5,4,AI_GENERATION
24,26,517,False,1,0,False,True,False,False,0,False,False,0,0,0,0,0,NON_AI
21,33,340,False,2,3,False,False,False,False,0,False,False,0,0,0,0,0,NON_AI
11,45,135,True,1,4,True,True,True,True,5,True,False,4,3,2,0,2,AI_GENERATION
18,16,78,True,23,2,True,True,True,False,6,False,True,0,0,0,0,0,AI_CAPABLE_PAGE
22,43,597,True,10,1,True,True,True,True,14,True,False,3,5,3,2,2,AI_GENERATION
20,20,21,False,11,0,False,True,True,False,9,False,True,0,0,0,0,0,AI_CAPABLE_PAGE
12,9,491,False,17,1,False,False,False,False,0,False,False,0,0,0,0,0,NON_AI
19,30,569,False,4,4,False,False,False,False,0,False,False,0,0,0,0,0,NON_AI
12,26,575,True,8,4,True,True,True,False,4,False,False,1,2,3,5,4,AI_GENERATION
17,38,444,False,9,4,False,False,False,False,0,False,False,0,0,0,0,0,NON_AI
19,32,62,True,4,2,True,True,True,True,13,False,True,1,3,3,0,2,AI_INTERACTION
10,13,428,False,8,3,True,True,True,True,12,True,True,2,7,2,6,2,AI_GENERATION
18,17,388,False,4,5,False,False,False,False,0,False,False,0,0,0,0,0,NON_AI
20,10,108,True,22,1,True,True,True,False,7,False,True,0,0,0,0,0,AI_CAPABLE_PAGE
19,11,56,True,18,0,True,True,True,False,7,False,False,0,0,0,0,0,AI_CAPABLE_PAGE
11,2,99,True,4,3,True,True,True,False,11,False,True,0,0,0,0,0,AI_CAPABLE_PAGE
19,5,523,False,20,2,False,True,False,False,0,False,False,0,0,0,0,0,NON_AI
10,12,148,True,3,4,True,True,True,False,10,False,True,2,1,0,0,1,AI_INTERACTION
20,14,298,True,1,2,True,True,True,True,6,True,True,1,6,3,4,3,AI_GENERATION
16,25,6,True,8,3,True,True,True,False,5,False,False,0,0,0,0,0,AI_CAPABLE_PAGE
16,17,597,False,17,4,False,False,False,False,0,False,False,0,0,0,0,0,NON_AI
16,40,513,True,20,2,True,True,True,True,15,False,True,5,5,0,4,3,AI_GENERATION
17,15,365,False,7,5,False,False,False,False,0,False,False,0,0,0,0,0,NON_AI
19,3,109,True,3,0,True,True,True,False,5,False,True,0,0,0,0,0,AI_CAPABLE_PAGE
18,18,337,False,8,2,False,False,False,False,0,False,False,0,0,0,0,0,NON_AI
24,32,408,True,22,2,True,True,True,True,13,False,True,2,2,3,0,1,AI_INTERACTION
21,25,105,True,3,0,True,True,True,False,8,False,True,0,0,0,0,0,AI_CAPABLE_PAGE
13,22,179,True,2,3,True,True,True,False,15,False,False,4,1,2,0,2,AI_INTERACTION
18,39,503,True,12,1,True,True,True,True,11,True,False,1,3,5,3,2,AI_GENERATION
18,5,572,False,5,3,False,False,False,False,0,False,False,0,0,0,0,0,NON_AI
18,21,48,True,18,3,True,True,False,False,8,False,True,0,0,0,0,0,AI_CAPABLE_PAGE
22,34,577,False,19,2,False,False,False,False,0,False,False,0,0,0,0,0,NON_AI
15,19,111,True,20,2,True,True,True,True,18,True,True,8,3,2,0,4,AI_GENERATION
18,17,33,False,14,1,True,True,False,False,9,False,False,0,0,0,0,0,AI_CAPABLE_PAGE
21,24,64,False,5,3,True,True,True,True,12,False,True,3,3,0,0,3,AI_INTERACTION
10,31,204,False,16,0,False,False,False,False,0,False,False,0,0,0,0,0,NON_AI
20,24,203,False,11,1,True,True,True,True,12,False,True,4,1,0,0,3,AI_INTERACTION
15,24,91,True,12,2,True,True,True,False,10,False,True,0,0,0,0,0,AI_CAPABLE_PAGE
10,4,324,True,2,1,True,True,True,True,12,False,False,4,3,3,0,1,AI_INTERACTION
12,24,94,True,14,3,True,True,True,False,11,False,True,0,0,0,0,0,AI_CAPABLE_PAGE
16,47,435,False,11,4,True,True,True,False,6,False,False,1,4,5,6,4,AI_GENERATION
15,13,377,True,21,3,True,True,True,False,7,False,True,1,2,3,0,3,AI_INTERACTION
16,5,180,False,17,5,False,False,False,False,0,False,False,0,0,0,0,0,NON_AI
14,23,26,False,15,3,True,True,True,True,12,False,False,0,0,0,0,0,AI_CAPABLE_PAGE
17,8,96,False,1,0,True,True,True,False,8,False,False,0,0,0,0,0,AI_CAPABLE_PAGE
9,16,50,False,12,3,False,False,False,False,0,False,False,0,0,0,0,0,NON_AI
24,49,611,True,21,1,True,True,True,False,13,True,False,4,8,0,0,3,AI_GENERATION
11,2,9,True,12,2,True,True,False,False,4,False,True,0,0,0,0,0,AI_CAPABLE_PAGE
23,30,869,True,16,1,True,True,True,True,8,True,True,1,1,1,0,2,AI_GENERATION
12,1,424,False,0,1,False,False,False,False,0,False,False,0,0,1,0,0,NON_AI
13,11,111,True,10,3,True,True,False,False,12,False,True,0,0,0,0,0,AI_CAPABLE_PAGE
11,28,242,False,2,2,False,False,False,False,0,False,False,0,0,0,0,0,NON_AI
11,12,585,False,1,4,False,False,False,False,0,False,False,0,0,0,0,0,NON_AI
20,11,212,True,7,4,True,True,True,False,14,False,True,4,0,2,0,3,AI_INTERACTION
19,9,296,True,6,1,True,True,True,False,11,False,False,1,0,2,0,2,AI_INTERACTION
13,30,584,False,23,3,False,False,False,False,0,False,False,0,0,0,0,0,NON_AI
13,19,256,True,12,2,True,True,True,True,13,True,False,5,1,0,0,2,AI_GENERATION
15,23,129,True,16,2,True,True,True,True,4,False,True,3,0,0,0,3,AI_INTERACTION
10,28,553,True,3,1,True,True,True,True,15,False,False,3,1,5,5,4,AI_GENERATION
13,17,607,True,0,4,True,True,True,False,8,True,True,6,4,0,2,4,AI_GENERATION
19,15,408,True,11,4,True,True,True,False,9,False,True,2,1,2,0,1,AI_INTERACTION
17,21,859,True,13,4,True,True,True,True,5,True,True,1,8,1,0,3,AI_GENERATION
21,23,51,True,3,2,True,True,False,True,10,False,True,0,0,0,0,0,AI_CAPABLE_PAGE
16,21,73,False,2,3,False,False,False,False,0,False,False,0,0,0,0,0,NON_AI
10,15,50,True,4,1,True,True,True,False,5,False,True,0,0,0,0,0,AI_CAPABLE_PAGE
17,2,490,False,8,5,False,False,False,False,0,False,False,0,0,0,0,0,NON_AI
17,12,41,True,1,1,True,True,True,False,4,False,False,0,0,0,0,0,AI_CAPABLE_PAGE
19,10,114,False,3,0,False,False,False,False,0,False,False,0,0,0,0,0,NON_AI
16,31,614,True,9,4,True,True,True,True,5,True,False,8,1,5,1,4,AI_GENERATION
23,11,62,True,2,3,True,True,True,False,14,False,True,4,3,1,0,2,AI_INTERACTION
18,13,183,False,9,4,True,True,True,False,13,False,True,3,3,2,0,1,AI_INTERACTION
9,9,536,False,6,4,False,False,False,False,0,False,False,0,0,0,0,0,NON_AI
24,7,779,True,15,3,True,True,True,True,16,True,True,7,5,3,3,2,AI_GENERATION
16,15,817,True,22,2,True,True,True,True,13,False,True,8,1,2,5,4,AI_GENERATION
19,12,188,True,8,2,True,True,True,True,13,True,False,7,3,0,2,2,AI_GENERATION
16,7,143,False,17,3,True,True,True,False,14,False,False,2,3,0,0,2,AI_INTERACTION
13,37,109,True,6,2,True,True,True,True,10,True,False,3,7,5,3,2,AI_GENERATION
13,2,419,False,14,4,False,False,False,False,0,False,False,0,0,0,0,0,NON_AI
13,4,29,False,9,0,True,True,True,True,12,False,True,0,0,0,0,0,AI_CAPABLE_PAGE
12,19,72,True,1,3,True,True,True,False,14,False,False,2,0,2,0,2,AI_INTERACTION
14,16,110,False,11,4,False,False,False,False,0,False,False,0,0,0,0,0,NON_AI
23,19,554,False,0,0,False,False,False,False,0,False,False,0,0,0,0,0,NON_AI
12,21,415,True,17,4,True,True,True,False,5,True,False,8,2,2,2,2,AI_GENERATION
17,5,27,True,6,1,True,True,True,True,8,False,False,0,0,0,0,0,AI_CAPABLE_PAGE
20,49,866,True,1,1,True,True,True,True,20,False,True,5,8,1,1,2,AI_GENERATION
24,24,462,False,16,4,True,True,True,True,14,True,False,8,1,4,4,2,AI_GENERATION
15,20,607,True,11,1,True,True,True,False,4,True,False,4,1,2,4,3,AI_GENERATION
14,13,118,True,0,2,True,True,True,False,8,False,False,0,0,0,0,0,AI_CAPABLE_PAGE
8,18,595,False,1,1,False,False,False,False,0,False,False,0,0,0,0,0,NON_AI
14,24,84,True,0,2,True,True,True,True,3,False,False,0,0,0,0,0,AI_CAPABLE_PAGE
19,33,538,True,21,2,True,True,True,True,10,True,True,1,7,0,0,4,AI_GENERATION
18,14,596,True,18,4,True,True,True,True,15,True,False,5,3,5,2,4,AI_GENERATION
16,32,366,True,2,1,True,True,True,True,11,False,True,3,1,3,0,3,AI_INTERACTION
15,12,103,True,1,2,True,True,False,False,10,False,False,0,0,0,0,0,AI_CAPABLE_PAGE
20,23,120,False,7,3,True,True,True,False,9,False,True,2,1,2,0,2,AI_INTERACTION
24,5,167,True,7,3,True,True,True,False,3,False,True,4,1,1,0,3,AI_INTERACTION
20,16,440,True,12,2,True,True,True,False,19,False,False,4,2,5,1,4,AI_GENERATION
23,30,244,True,21,3,True,True,True,True,3,False,True,4,2,2,0,1,AI_INTERACTION
17,2,412,False,16,2,True,True,True,False,8,False,False,4,0,2,0,3,AI_INTERACTION
11,29,374,True,14,3,True,True,True,False,11,False,False,2,0,1,0,1,AI_INTERACTION
10,9,212,True,17,4,True,True,True,True,4,False,False,2,1,3,0,2,AI_INTERACTION
23,10,347,True,14,2,True,True,True,True,11,True,False,2,5,4,5,4,AI_GENERATION
20,17,82,True,5,3,True,True,False,False,8,False,False,0,0,0,0,0,AI_CAPABLE_PAGE
20,23,594,False,3,3,False,False,False,False,0,False,False,0,0,0,0,0,NON_AI
16,20,229,False,13,4,True,True,True,False,5,False,False,3,0,0,0,2,AI_INTERACTION
16,29,378,False,14,3,True,True,True,False,11,False,True,2,3,1,0,2,AI_INTERACTION
24,20,474,False,20,0,False,False,False,False,0,False,False,0,0,0,0,0,NON_AI
22,23,9,True,19,2,True,True,True,False,3,False,True,0,0,0,0,0,AI_CAPABLE_PAGE
20,29,434,False,5,3,False,False,False,False,0,False,False,0,0,0,0,0,NON_AI
12,12,374,True,6,2,True,True,True,False,17,True,False,7,8,4,5,4,AI_GENERATION
14,16,40,False,0,2,True,True,True,False,9,False,False,1,3,0,0,2,AI_INTERACTION
22,19,115,True,1,2,True,True,True,True,4,False,False,0,0,0,0,0,AI_CAPABLE_PAGE
24,1,50,False,0,1,False,True,False,False,0,False,False,0,0,0,0,0,NON_AI
19,31,872,True,15,3,True,True,True,True,16,False,True,5,6,2,5,2,AI_GENERATION
24,7,436,False,20,2,True,True,True,False,3,False,False,1,1,2,0,2,AI_INTERACTION
9,36,427,False,13,4,False,False,False,False,0,False,False,0,0,0,0,0,NON_AI
22,16,149,False,3,0,False,False,False,False,0,False,False,0,0,0,0,0,NON_AI
10,9,109,True,8,1,True,True,True,False,5,False,False,0,0,0,0,0,AI_CAPABLE_PAGE
19,32,39,True,3,4,True,True,True,False,12,False,True,4,3,2,0,1,AI_INTERACTION
10,3,669,True,16,3,True,True,True,True,14,True,False,5,3,0,4,4,AI_GENERATION
13,16,55,True,11,2,True,True,True,False,10,False,False,0,0,0,0,0,AI_CAPABLE_PAGE
11,34,427,False,6,2,True,True,True,True,13,False,False,1,1,3,0,3,AI_INTERACTION
14,20,450,False,13,3,True,True,True,False,15,False,False,3,1,0,0,3,AI_INTERACTION
22,24,402,True,19,2,True,True,True,False,5,False,False,1,1,3,0,2,AI_INTERACTION
20,11,147,False,8,2,False,False,False,False,0,False,False,0,0,0,0,0,NON_AI
13,32,118,True,5,4,True,True,True,True,12,True,True,4,6,4,4,4,AI_GENERATION
19,18,25,True,2,1,True,True,True,False,10,False,False,0,0,0,0,0,AI_CAPABLE_PAGE
21,22,584,False,3,4,False,False,False,False,0,False,False,0,0,0,0,0,NON_AI
21,4,207,True,14,4,True,True,True,False,11,False,True,4,3,0,0,1,AI_INTERACTION
15,49,126,True,8,4,True,True,True,True,16,True,True,1,6,0,0,2,AI_GENERATION
11,25,67,True,15,3,True,True,False,False,8,False,False,0,0,0,0,0,AI_CAPABLE_PAGE
10,16,120,True,16,1,True,True,True,False,10,False,True,0,0,0,0,0,AI_CAPABLE_PAGE
9,5,488,False,1,2,False,False,False,False,0,False,False,0,0,0,0,0,NON_AI
15,10,142,True,22,2,True,True,True,True,10,False,True,1,2,2,0,2,AI_INTERACTION
8,8,554,False,8,5,False,False,False,False,0,False,False,0,0,1,0,0,NON_AI
22,29,192,False,6,2,True,True,True,True,10,False,False,3,3,0,0,1,AI_INTERACTION
25,19,152,False,9,5,False,False,False,False,0,False,False,0,0,0,0,0,NON_AI
13,1,7,False,17,1,False,False,True,False,4,False,True,0,0,0,0,0,AI_CAPABLE_PAGE
21,36,487,False,17,5,False,False,False,False,0,False,False,0,0,0,0,0,NON_AI
21,24,99,True,23,3,True,True,True,False,8,False,False,0,0,0,0,0,AI_CAPABLE_PAGE
12,35,206,False,8,5,False,False,False,False,0,False,False,0,0,1,0,0,NON_AI
20,30,283,False,12,5,False,False,False,False,0,False,False,0,0,0,0,0,NON_AI
13,42,541,False,4,2,True,True,True,False,16,True,True,8,2,4,2,3,AI_GENERATION
13,7,86,True,6,0,True,True,True,False,9,False,False,0,0,0,0,0,AI_CAPABLE_PAGE
16,21,45,True,22,3,True,True,True,False,5,False,False,0,0,0,0,0,AI_CAPABLE_PAGE
22,28,337,True,20,2,True,True,True,True,10,False,False,3,2,1,0,2,AI_INTERACTION
20,31,445,False,19,3,True,True,True,False,7,False,False,3,2,1,0,3,AI_INTERACTION
10,32,249,True,5,3,True,True,True,False,5,False,False,1,2,3,0,3,AI_INTERACTION
19,5,100,True,2,1,True,True,True,False,5,False,False,0,0,0,0,0,AI_CAPABLE_PAGE
14,2,121,True,20,1,True,True,True,True,8,False,False,4,0,1,0,3,AI_INTERACTION
10,3,249,True,0,1,True,True,True,True,14,True,False,2,3,4,5,2,AI_GENERATION
16,1,80,True,20,2,True,True,False,True,9,False,True,0,0,0,0,0,AI_CAPABLE_PAGE
12,20,551,False,2,4,False,False,False,False,0,False,False,0,0,0,0,0,NON_AI
23,3,305,True,3,4,True,True,True,True,5,True,True,1,4,0,5,3,AI_GENERATION
10,3,108,True,16,3,True,True,True,True,12,False,False,2,3,1,0,3,AI_INTERACTION
19,14,86,True,7,0,True,True,False,False,10,False,True,0,0,0,0,0,AI_CAPABLE_PAGE
15,18,315,True,9,1,True,True,True,True,15,False,True,3,2,3,0,3,AI_INTERACTION
11,27,557,True,0,3,True,True,True,False,13,True,False,5,3,0,3,3,AI_GENERATION
20,32,432,True,10,3,True,True,True,False,5,False,False,2,1,1,0,2,AI_INTERACTION
10,36,159,True,21,3,True,True,True,True,8,True,False,2,6,5,1,3,AI_GENERATION
23,12,243,True,5,1,True,True,True,True,6,True,True,3,5,4,2,2,AI_GENERATION
23,21,99,False,1,3,True,True,True,True,8,True,False,7,3,2,3,3,AI_GENERATION
17,2,187,True,10,3,True,True,True,False,9,False,False,2,2,2,0,3,AI_INTERACTION
12,25,6,True,22,0,True,True,True,False,4,False,False,0,0,0,0,0,AI_CAPABLE_PAGE
15,1,86,False,11,0,False,True,True,True,9,False,False,0,0,0,0,0,AI_CAPABLE_PAGE
24,32,424,True,18,1,True,True,True,True,11,True,True,2,1,5,0,2,AI_GENERATION
17,45,615,True,23,3,True,True,True,True,13,True,False,5,6,5,0,4,AI_GENERATION
22,10,113,True,13,3,True,True,True,False,3,False,False,0,0,0,0,0,AI_CAPABLE_PAGE
11,21,26,False,2,2,True,True,True,True,5,False,False,0,0,0,0,0,AI_CAPABLE_PAGE
11,16,140,False,20,2,True,True,True,False,5,False,False,3,3,1,0,2,AI_INTERACTION
21,6,48,False,17,1,True,True,False,False,2,False,False,0,0,0,0,0,AI_CAPABLE_PAGE
19,20,238,False,7,0,False,False,False,False,0,False,False,0,0,0,0,0,NON_AI
14,34,186,True,16,4,True,True,True,True,7,False,False,2,1,2,0,1,AI_INTERACTION
22,2,93,True,21,1,True,True,True,False,12,False,False,0,0,0,0,0,AI_CAPABLE_PAGE
16,25,25,True,0,3,True,True,True,True,3,False,False,0,0,0,0,0,AI_CAPABLE_PAGE
19,44,672,True,12,4,True,True,True,True,6,True,True,8,2,3,4,4,AI_GENERATION
14,16,290,False,17,2,False,False,False,False,0,False,False,0,0,0,0,0,NON_AI
14,23,424,False,9,1,False,True,False,False,0,False,False,0,0,0,0,0,NON_AI
16,14,270,True,1,3,True,True,True,False,8,False,True,4,3,2,0,1,AI_INTERACTION
21,31,322,True,7,3,True,True,True,False,8,True,True,1,7,2,5,3,AI_GENERATION
11,5,390,True,23,1,True,True,True,True,14,False,False,1,3,1,0,1,AI_INTERACTION
17,15,594,False,10,4,False,False,False,False,0,False,False,0,0,0,0,0,NON_AI
17,3,143,False,5,2,True,True,True,False,8,False,False,1,3,0,0,3,AI_INTERACTION
24,15,124,True,7,4,True,True,True,False,6,False,False,3,2,0,0,1,AI_INTERACTION
22,5,221,True,6,4,True,True,True,True,14,False,False,3,0,3,0,1,AI_INTERACTION
13,8,174,True,19,3,True,True,True,True,4,False,False,2,1,3,0,3,AI_INTERACTION
22,22,20,True,17,1,True,True,False,False,8,False,False,0,0,0,0,0,AI_CAPABLE_PAGE
22,3,305,False,6,0,False,False,False,False,0,False,False,0,0,0,0,0,NON_AI
19,10,868,True,3,3,True,True,True,True,18,True,True,5,4,0,3,2,AI_GENERATION
23,35,321,False,5,3,False,True,False,False,0,False,False,0,0,1,0,0,NON_AI
14,11,78,True,2,0,True,True,True,False,12,False,False,0,0,0,0,0,AI_CAPABLE_PAGE
14,17,88,False,5,1,False,False,False,False,0,False,True,0,0,0,0,0,NON_AI
13,38,787,True,11,1,True,True,True,False,19,True,False,7,6,0,5,3,AI_GENERATION
12,20,42,True,20,4,True,True,True,True,10,False,False,2,3,3,0,3,AI_INTERACTION
14,4,260,False,1,3,False,False,False,False,0,False,False,0,0,0,0,0,NON_AI
11,24,761,True,1,3,True,True,True,True,10,False,True,8,3,2,3,3,AI_GENERATION
17,28,881,True,4,1,True,True,True,True,10,True,True,1,1,2,0,3,AI_GENERATION
12,21,100,False,19,0,True,False,False,False,5,False,False,0,0,0,0,0,AI_CAPABLE_PAGE
22,22,70,True,18,0,True,True,True,False,2,False,True,0,0,0,0,0,AI_CAPABLE_PAGE
17,2,61,False,11,3,True,True,True,True,7,False,True,0,0,0,0,0,AI_CAPABLE_PAGE
16,23,50,True,21,4,True,True,True,False,8,False,False,2,0,0,0,2,AI_INTERACTION
15,6,791,False,4,4,True,True,True,False,17,True,False,3,6,0,5,2,AI_GENERATION
19,33,414,False,21,4,False,False,False,False,1,False,False,0,0,0,0,0,NON_AI
11,10,16,True,3,0,True,True,True,False,5,False,False,0,0,0,0,0,AI_CAPABLE_PAGE
15,22,90,True,13,2,True,True,True,False,13,False,False,2,1,3,0,1,AI_INTERACTION
15,6,763,True,11,2,True,True,True,True,16,True,False,1,6,0,1,3,AI_GENERATION
13,8,48,True,13,3,True,True,True,False,2,False,True,0,0,0,0,0,AI_CAPABLE_PAGE
24,27,733,True,23,1,True,True,True,True,9,True,False,2,8,1,1,3,AI_GENERATION
11,45,158,False,4,2,True,True,True,False,19,True,True,1,3,4,0,2,AI_GENERATION
11,21,150,True,15,4,True,True,True,False,9,False,False,2,2,1,0,3,AI_INTERACTION
17,32,744,True,4,4,True,True,True,True,13,True,False,3,1,3,4,2,AI_GENERATION
11,25,59,True,11,1,True,True,True,False,2,False,False,0,0,0,0,0,AI_CAPABLE_PAGE
18,41,815,True,5,3,True,True,True,True,9,True,True,7,5,2,6,2,AI_GENERATION
8,31,140,False,20,1,False,False,False,False,1,False,False,0,0,0,0,0,NON_AI
18,10,455,False,2,3,False,False,False,False,0,False,False,0,0,0,0,0,NON_AI
24,13,358,True,1,1,True,True,True,True,7,False,True,3,0,3,0,3,AI_INTERACTION
25,45,710,True,1,3,True,True,True,True,7,True,True,2,7,0,0,3,AI_GENERATION
15,8,28,True,13,0,True,True,True,False,5,False,False,0,0,0,0,0,AI_CAPABLE_PAGE
13,31,44,False,17,4,False,False,False,False,0,False,False,0,0,0,0,0,NON_AI
11,16,89,True,17,1,True,True,True,True,12,False,False,0,0,0,0,0,AI_CAPABLE_PAGE
15,28,140,True,7,1,True,True,True,True,3,False,False,1,3,3,0,1,AI_INTERACTION
12,23,38,True,16,0,True,True,True,False,10,False,False,0,0,0,0,0,AI_CAPABLE_PAGE
25,42,604,True,17,2,True,True,True,False,17,False,False,3,3,2,5,4,AI_GENERATION
13,34,173,False,0,4,True,True,True,True,5,False,True,2,2,2,0,2,AI_INTERACTION
11,35,281,True,14,3,True,True,True,False,3,False,True,3,3,0,0,3,AI_INTERACTION
13,4,18,True,0,0,True,True,True,False,11,False,True,0,0,0,0,0,AI_CAPABLE_PAGE
10,13,82,True,16,2,True,True,False,False,7,False,False,0,0,0,0,0,AI_CAPABLE_PAGE
16,21,247,True,13,2,True,True,True,False,8,True,True,4,4,2,4,3,AI_GENERATION
13,11,872,True,23,1,True,True,True,True,9,True,True,1,5,4,4,4,AI_GENERATION
12,28,154,True,7,1,True,True,True,False,4,False,False,2,3,0,0,3,AI_INTERACTION
15,16,77,True,2,1,True,True,True,False,10,False,False,4,1,0,0,2,AI_INTERACTION
10,22,87,True,4,0,True,True,False,False,12,False,False,0,0,0,0,0,AI_CAPABLE_PAGE
12,2,87,True,7,4,True,True,True,False,12,False,False,3,2,0,0,3,AI_INTERACTION
17,12,44,False,22,2,True,True,False,False,7,False,True,0,0,0,0,0,AI_CAPABLE_PAGE
10,15,122,False,6,4,True,True,True,False,9,False,False,4,3,1,0,2,AI_INTERACTION
20,25,220,True,10,1,True,True,True,True,14,False,True,3,1,3,0,3,AI_INTERACTION
12,24,46,True,2,3,True,True,True,False,7,False,False,0,0,0,0,0,AI_CAPABLE_PAGE
12,29,759,False,21,1,True,True,True,True,16,False,False,1,3,4,6,4,AI_GENERATION
10,6,113,False,8,4,True,True,True,False,6,False,False,2,3,0,0,1,AI_INTERACTION
20,10,68,True,17,3,True,True,False,True,7,False,True,0,0,0,0,0,AI_CAPABLE_PAGE
16,2,47,False,11,1,True,True,True,False,6,False,True,0,0,0,0,0,AI_CAPABLE_PAGE
19,8,187,False,17,3,False,False,False,False,0,False,False,0,0,1,0,1,NON_AI
19,30,836,True,11,3,True,True,True,True,18,True,False,1,6,0,4,2,AI_GENERATION
17,11,738,False,1,3,True,True,True,True,12,True,False,5,4,5,2,4,AI_GENERATION
20,29,521,True,15,4,True,True,True,True,14,True,True,3,7,0,0,4,AI_GENERATION
19,21,234,True,12,3,True,True,True,False,20,True,False,5,8,4,3,3,AI_GENERATION
24,36,575,True,18,4,True,True,True,True,10,False,False,6,6,1,2,4,AI_GENERATION
20,18,28,True,0,2,True,True,False,True,11,False,False,0,0,0,0,0,AI_CAPABLE_PAGE
15,29,170,False,3,1,False,False,False,False,0,False,False,0,0,0,0,0,NON_AI
15,21,63,True,20,3,True,True,True,True,14,False,True,4,3,0,0,2,AI_INTERACTION
19,25,383,False,5,3,False,True,False,False,0,False,False,0,0,0,0,0,NON_AI
16,3,36,True,15,0,True,True,False,True,12,False,False,0,0,0,0,0,AI_CAPABLE_PAGE
12,20,390,False,5,4,False,False,False,False,0,False,False,0,0,0,0,0,NON_AI
11,37,614,False,23,1,True,True,True,False,18,True,False,3,2,2,1,3,AI_GENERATION
21,30,362,True,3,1,True,True,True,False,3,False,True,4,2,0,0,1,AI_INTERACTION
22,20,114,True,13,0,True,True,True,False,4,False,True,0,0,0,0,0,AI_CAPABLE_PAGE
15,4,10,True,4,1,True,True,True,True,6,False,False,0,0,0,0,0,AI_CAPABLE_PAGE
12,30,45,True,17,1,True,True,True,False,7,False,False,1,2,1,0,3,AI_INTERACTION
22,18,205,True,14,3,True,True,True,False,14,False,True,3,0,1,0,1,AI_INTERACTION
20,30,338,True,21,1,True,True,True,True,16,True,False,4,6,3,0,4,AI_GENERATION
11,17,69,True,13,2,True,True,True,False,10,False,False,3,3,3,0,3,AI_INTERACTION
25,22,398,False,23,1,False,False,False,False,0,False,False,0,0,0,0,0,NON_AI
23,10,362,True,12,2,True,True,True,True,6,False,False,3,3,3,0,2,AI_INTERACTION
12,14,42,True,19,0,True,True,True,False,9,False,False,0,0,0,0,0,AI_CAPABLE_PAGE
23,3,368,True,8,2,True,True,True,True,12,True,False,4,2,2,2,4,AI_GENERATION
17,22,68,True,3,1,True,True,True,True,6,False,True,0,0,0,0,0,AI_CAPABLE_PAGE
10,8,111,True,16,2,True,True,True,False,12,False,False,0,0,0,0,0,AI_CAPABLE_PAGE
17,11,23,True,9,1,True,True,True,False,11,False,True,0,0,0,0,0,AI_CAPABLE_PAGE
19,26,258,True,3,1,True,True,True,False,10,False,False,4,3,0,0,3,AI_INTERACTION
23,21,213,False,11,2,False,False,False,False,0,False,False,0,0,0,0,0,NON_AI
23,35,210,True,3,2,True,True,True,False,9,False,False,3,1,0,0,1,AI_INTERACTION
12,16,53,True,9,1,True,True,True,False,7,False,False,3,0,1,0,1,AI_INTERACTION
10,13,84,True,7,3,True,True,True,False,11,False,False,0,0,0,0,0,AI_CAPABLE_PAGE
15,13,59,True,6,1,True,True,True,False,7,False,True,0,0,0,0,0,AI_CAPABLE_PAGE
17,30,562,False,13,4,False,False,False,False,0,False,False,0,0,0,0,0,NON_AI
14,18,39,True,19,0,True,True,False,True,8,False,True,0,0,0,0,0,AI_CAPABLE_PAGE
22,30,33,False,15,0,False,False,False,False,0,False,False,0,0,0,0,0,NON_AI
14,25,511,False,12,1,False,False,False,False,0,False,False,0,0,0,0,0,NON_AI
21,15,114,True,18,0,True,True,False,False,4,False,False,0,0,0,0,0,AI_CAPABLE_PAGE
20,15,441,True,22,3,True,True,True,False,7,False,False,2,2,1,0,1,AI_INTERACTION
15,30,613,False,22,3,True,True,True,False,17,True,True,7,7,1,0,2,AI_GENERATION
9,25,401,False,13,5,False,False,False,False,0,False,True,0,0,0,0,0,NON_AI
15,5,114,True,10,3,True,True,True,True,2,False,False,0,0,0,0,0,AI_CAPABLE_PAGE
15,15,190,True,20,4,True,True,True,True,6,True,True,5,6,0,4,4,AI_GENERATION
21,11,256,True,1,2,True,True,True,False,14,False,True,1,1,2,0,2,AI_INTERACTION
15,22,177,False,2,4,False,False,False,False,0,False,False,0,0,0,0,0,NON_AI
14,22,260,True,15,3,True,True,True,False,15,False,False,2,1,1,0,1,AI_INTERACTION
16,26,702,True,9,4,True,True,True,True,6,True,False,3,8,3,0,2,AI_GENERATION
15,10,780,True,0,4,True,True,True,True,20,True,False,8,7,5,0,3,AI_GENERATION
10,20,264,True,12,1,True,True,True,False,3,False,False,4,0,2,0,1,AI_INTERACTION
21,17,19,True,5,1,True,True,True,False,2,False,True,0,0,0,0,0,AI_CAPABLE_PAGE
18,13,90,True,9,2,True,True,True,True,15,False,False,3,1,3,0,2,AI_INTERACTION
17,21,321,True,13,1,True,True,True,False,10,False,False,2,3,0,0,2,AI_INTERACTION
22,13,328,True,17,1,True,True,True,True,5,False,True,4,0,2,0,1,AI_INTERACTION
10,22,78,True,19,2,True,True,True,True,3,False,False,0,0,0,0,0,AI_CAPABLE_PAGE
21,20,305,False,14,1,True,True,True,True,3,False,False,1,3,3,0,2,AI_INTERACTION
20,11,81,False,17,0,False,False,False,False,0,False,False,0,0,0,0,0,NON_AI
23,21,659,True,11,3,True,True,True,True,19,False,False,3,3,5,1,3,AI_GENERATION
22,26,391,True,9,3,True,True,True,False,12,False,False,2,2,1,0,2,AI_INTERACTION
24,8,380,True,12,1,True,True,True,False,9,False,False,1,1,0,0,3,AI_INTERACTION
22,30,215,True,5,3,True,True,True,True,6,False,False,3,1,3,0,3,AI_INTERACTION
13,27,432,True,5,2,True,True,True,True,11,False,False,4,2,1,0,2,AI_INTERACTION
19,18,411,False,2,2,False,False,False,False,0,False,False,0,0,0,0,0,NON_AI
19,13,122,True,15,1,True,True,True,True,4,False,False,4,3,3,0,3,AI_INTERACTION
24,34,314,True,8,4,True,True,True,True,10,True,False,4,7,0,4,3,AI_GENERATION
10,13,76,True,17,3,True,True,True,False,10,False,False,0,0,0,0,0,AI_CAPABLE_PAGE
25,28,409,False,7,1,False,False,False,False,0,False,False,0,0,0,0,0,NON_AI
14,20,89,True,0,2,True,True,False,False,9,False,True,0,0,0,0,0,AI_CAPABLE_PAGE
11,19,248,False,9,0,False,True,False,False,0,False,False,0,0,0,0,0,NON_AI
12,9,19,True,22,1,True,True,True,False,10,False,False,0,0,0,0,0,AI_CAPABLE_PAGE
10,22,420,True,12,2,True,True,True,False,3,False,False,1,2,3,0,1,AI_INTERACTION
17,27,111,True,17,3,True,True,True,True,10,False,False,4,3,3,0,1,AI_INTERACTION
13,35,551,False,0,5,False,False,False,False,0,False,False,0,0,0,0,0,NON_AI
14,21,423,False,11,0,False,False,False,False,0,False,False,0,0,0,0,0,NON_AI
19,46,756,True,17,3,True,True,True,True,13,True,True,2,4,4,5,3,AI_GENERATION
17,42,669,True,8,1,True,True,True,True,17,True,False,4,1,1,4,3,AI_GENERATION
11,24,315,False,7,2,True,True,True,False,4,False,False,1,1,0,0,3,AI_INTERACTION
14,20,7,True,16,1,True,True,False,False,6,False,False,0,0,0,0,0,AI_CAPABLE_PAGE
18,21,50,True,13,2,True,True,True,True,3,False,True,0,0,0,0,0,AI_CAPABLE_PAGE
19,32,591,False,10,2,True,True,True,True,7,True,False,5,1,2,3,3,AI_GENERATION
16,1,343,False,14,5,False,False,False,False,1,False,False,0,0,0,0,0,NON_AI
13,2,151,False,19,5,False,False,False,False,1,False,False,0,0,0,0,0,NON_AI
22,8,104,False,21,1,False,True,False,False,0,False,False,0,0,0,0,0,NON_AI
22,11,49,True,13,3,True,True,False,True,5,False,False,0,0,0,0,0,AI_CAPABLE_PAGE
17,30,537,False,19,4,False,False,False,False,0,False,False,0,0,0,0,0,NON_AI
15,6,56,True,14,4,True,True,True,False,8,False,True,1,1,3,0,2,AI_INTERACTION
16,14,146,True,20,1,True,True,True,True,15,False,True,3,0,0,0,3,AI_INTERACTION
19,27,333,True,16,2,True,True,True,False,12,False,False,2,1,1,0,3,AI_INTERACTION
16,30,449,True,17,1,True,True,True,True,18,True,False,5,2,1,3,2,AI_GENERATION
14,21,287,False,3,4,True,True,True,False,10,False,False,3,2,3,0,3,AI_INTERACTION
12,31,114,True,8,3,True,True,True,True,8,True,True,6,5,2,4,2,AI_GENERATION
21,3,855,True,14,1,True,True,True,True,16,True,False,2,3,0,5,2,AI_GENERATION
17,5,210,False,2,3,True,True,True,False,12,False,True,2,3,1,0,2,AI_INTERACTION
20,21,23,True,8,3,True,True,False,True,5,False,False,0,0,0,0,0,AI_CAPABLE_PAGE
18,16,26,True,17,1,True,True,True,False,12,False,False,0,0,0,0,0,AI_CAPABLE_PAGE
16,13,209,True,3,1,True,True,True,True,9,True,False,1,2,5,5,3,AI_GENERATION
22,19,135,False,15,4,True,True,True,False,11,False,True,1,3,3,0,2,AI_INTERACTION
11,19,381,False,19,1,False,False,False,False,0,False,False,0,0,0,0,0,NON_AI
21,6,897,True,17,2,True,True,True,True,7,False,False,8,7,4,6,2,AI_GENERATION
16,3,116,False,19,3,False,False,False,False,0,False,False,0,0,0,0,0,NON_AI
23,22,221,True,13,4,True,True,True,True,13,False,True,1,1,0,0,1,AI_INTERACTION
10,6,284,False,13,4,True,True,True,True,9,True,False,1,1,2,2,4,AI_GENERATION
17,3,242,False,9,5,False,False,False,False,0,False,False,0,0,0,0,0,NON_AI
16,7,174,True,6,2,True,True,True,False,18,True,True,8,2,3,4,3,AI_GENERATION
17,13,290,True,8,1,True,True,True,True,10,False,True,4,2,2,0,2,AI_INTERACTION
19,8,44,True,0,2,True,True,True,True,8,False,False,4,1,1,0,1,AI_INTERACTION
14,17,416,True,6,1,True,True,True,False,6,False,True,1,2,0,0,1,AI_INTERACTION
17,12,337,True,12,2,True,True,True,False,7,False,True,1,3,2,0,1,AI_INTERACTION
19,35,649,False,16,1,True,True,True,False,7,True,True,3,5,2,0,4,AI_GENERATION
16,3,182,True,3,3,True,True,True,True,10,False,False,2,0,0,0,2,AI_INTERACTION
14,20,413,True,11,3,True,True,True,True,5,True,True,2,2,2,0,4,AI_GENERATION
24,39,294,False,3,1,False,False,False,False,0,False,False,0,0,0,0,0,NON_AI
14,16,343,False,18,1,True,True,True,True,7,True,False,1,7,0,0,3,AI_GENERATION
20,23,60,True,9,1,True,True,True,True,10,False,True,0,0,0,0,0,AI_CAPABLE_PAGE
22,30,362,False,3,4,True,True,True,True,7,False,False,2,3,2,0,3,AI_INTERACTION
10,34,864,True,17,4,True,True,True,True,7,True,False,1,7,3,2,3,AI_GENERATION
23,20,261,False,17,4,False,True,False,False,0,False,False,0,0,0,0,0,NON_AI
19,32,155,True,18,2,True,True,True,True,4,True,False,7,1,4,2,3,AI_GENERATION
14,10,141,True,17,4,True,True,True,True,12,False,True,4,6,5,3,4,AI_GENERATION
23,2,403,False,10,5,False,False,False,False,0,False,False,0,0,0,0,0,NON_AI
13,16,39,True,7,1,True,True,True,False,14,False,False,4,3,2,0,3,AI_INTERACTION
24,14,175,False,7,1,True,True,True,True,12,True,True,6,2,2,2,3,AI_GENERATION
14,14,31,True,19,2,True,True,False,False,12,False,True,0,0,0,0,0,AI_CAPABLE_PAGE
13,17,162,False,3,4,True,True,True,False,16,True,True,1,3,2,0,3,AI_GENERATION
16,18,296,True,14,2,True,True,True,False,13,False,False,1,0,1,0,3,AI_INTERACTION
13,12,427,False,0,1,False,False,False,False,0,False,False,0,0,0,0,0,NON_AI
15,13,103,True,23,2,True,True,True,False,7,False,False,3,0,2,0,2,AI_INTERACTION
22,14,57,True,13,3,True,True,False,False,12,False,False,0,0,0,0,0,AI_CAPABLE_PAGE
12,3,393,True,3,3,True,True,True,False,17,True,True,3,8,4,5,3,AI_GENERATION
10,13,577,False,6,3,False,False,False,False,0,False,False,0,0,0,0,0,NON_AI
11,9,80,False,14,1,False,False,False,False,0,False,False,0,0,0,0,0,NON_AI
13,18,465,False,16,1,False,False,False,False,0,False,False,0,0,0,0,0,NON_AI
16,18,211,True,20,4,True,True,True,True,10,True,False,3,1,2,3,3,AI_GENERATION
16,23,49,False,2,0,True,True,False,False,2,False,False,0,0,0,0,0,AI_CAPABLE_PAGE
19,28,244,True,20,1,True,True,True,False,5,False,False,1,3,0,0,2,AI_INTERACTION
15,14,5,True,17,1,True,True,True,False,3,False,False,0,0,0,0,0,AI_CAPABLE_PAGE
12,6,64,True,3,4,True,True,True,False,13,False,False,3,2,3,0,2,AI_INTERACTION
20,39,548,False,9,3,False,False,False,False,0,False,False,0,0,0,0,0,NON_AI
20,30,404,True,8,2,True,True,True,True,6,False,True,4,2,3,0,1,AI_INTERACTION
15,27,681,True,3,2,True,True,True,False,10,True,True,2,1,3,1,2,AI_GENERATION
22,20,68,True,3,1,True,True,True,True,7,False,False,0,0,0,0,0,AI_CAPABLE_PAGE
19,9,24,True,2,2,True,True,True,False,2,False,False,0,0,0,0,0,AI_CAPABLE_PAGE
19,6,452,False,3,1,False,False,False,False,0,False,False,0,0,0,0,0,NON_AI
23,32,21,False,0,4,False,False,False,False,1,False,False,0,0,0,0,0,NON_AI
15,15,174,False,18,4,True,True,True,False,11,False,True,4,2,0,0,3,AI_INTERACTION
12,16,102,True,11,2,True,True,True,True,7,False,False,0,0,0,0,0,AI_CAPABLE_PAGE
11,24,302,True,22,2,True,True,True,True,16,True,False,3,8,1,5,3,AI_GENERATION
14,29,114,True,18,1,True,True,True,True,4,False,False,2,0,3,0,1,AI_INTERACTION
13,4,368,True,14,4,True,True,True,True,16,True,False,1,1,4,6,3,AI_GENERATION
23,4,698,True,2,3,True,True,True,True,7,True,False,4,6,5,5,4,AI_GENERATION
11,26,604,True,7,3,True,True,True,False,5,False,False,4,2,0,6,3,AI_GENERATION
12,6,100,False,16,2,True,True,True,False,2,False,False,0,0,0,0,0,AI_CAPABLE_PAGE
20,18,742,False,14,4,True,True,True,False,10,True,False,6,3,4,5,4,AI_GENERATION
20,34,433,False,17,5,False,False,False,False,0,False,False,0,0,0,0,0,NON_AI
12,17,577,False,5,5,False,False,False,False,0,False,False,0,0,0,0,0,NON_AI
22,40,576,True,17,3,True,True,True,True,10,True,False,4,4,1,3,2,AI_GENERATION
18,23,417,True,1,2,True,True,True,False,15,False,False,1,2,0,0,2,AI_INTERACTION
24,14,164,False,17,2,False,False,False,False,0,False,False,0,0,0,0,0,NON_AI
18,6,203,True,4,2,True,True,True,False,10,False,True,4,0,2,0,1,AI_INTERACTION
11,11,82,True,9,0,True,True,False,False,7,False,False,0,0,0,0,0,AI_CAPABLE_PAGE
16,6,110,True,0,2,True,True,True,False,10,False,True,0,0,0,0,0,AI_CAPABLE_PAGE
14,12,307,True,6,1,True,True,True,False,7,False,True,2,0,1,0,2,AI_INTERACTION
22,17,7,True,3,3,True,True,True,True,8,False,True,0,0,0,0,0,AI_CAPABLE_PAGE
12,24,8,True,10,3,True,True,False,False,12,False,False,0,0,0,0,0,AI_CAPABLE_PAGE
12,32,42,False,4,4,False,False,False,False,0,False,False,0,0,0,0,0,NON_AI
23,16,166,True,8,1,True,True,True,True,5,False,False,5,7,1,3,3,AI_GENERATION
24,17,319,True,9,2,True,True,True,False,11,False,False,3,2,3,0,3,AI_INTERACTION
25,28,84,True,10,3,True,True,True,False,13,True,False,3,2,5,4,2,AI_GENERATION
19,15,877,True,6,4,True,True,True,False,9,True,False,2,7,4,0,2,AI_GENERATION
25,10,173,False,10,4,False,False,False,False,0,False,False,0,0,0,0,0,NON_AI
10,29,51,False,12,1,True,True,True,True,14,False,False,4,3,1,0,3,AI_INTERACTION
18,21,358,False,12,1,False,False,False,False,0,False,False,0,0,0,0,0,NON_AI
22,15,381,False,18,4,False,False,False,False,0,False,False,0,0,0,0,0,NON_AI
18,22,82,True,1,3,True,True,False,False,10,False,False,0,0,0,0,0,AI_CAPABLE_PAGE
18,11,208,True,6,2,True,True,True,True,9,True,False,1,2,4,3,3,AI_GENERATION
10,23,29,False,23,3,True,True,True,True,9,False,False,0,0,0,0,0,AI_CAPABLE_PAGE
21,29,218,True,15,1,True,True,True,False,10,False,True,2,1,3,0,3,AI_INTERACTION
13,16,269,False,7,1,True,True,True,True,12,True,True,8,2,5,6,2,AI_GENERATION
11,16,8,True,13,1,True,True,False,True,10,False,False,0,0,0,0,0,AI_CAPABLE_PAGE
20,8,370,False,20,3,True,True,True,False,11,False,True,4,3,3,0,2,AI_INTERACTION
8,38,74,False,0,2,False,False,False,False,0,False,False,0,0,0,0,0,NON_AI
17,8,471,False,19,3,False,False,False,False,0,False,False,0,0,1,0,1,NON_AI
22,17,65,True,13,1,True,True,True,True,6,False,False,0,0,0,0,0,AI_CAPABLE_PAGE
12,4,21,True,17,3,True,True,True,True,5,False,True,0,0,0,0,0,AI_CAPABLE_PAGE
11,6,340,False,21,2,False,False,False,False,0,False,False,0,0,0,0,0,NON_AI
10,30,371,False,2,4,False,False,False,False,0,False,False,0,0,0,0,0,NON_AI
21,24,31,True,15,1,True,True,True,False,9,False,False,0,0,0,0,0,AI_CAPABLE_PAGE
8,1,96,False,3,4,False,False,False,False,0,False,False,0,0,0,0,0,NON_AI
11,3,277,True,11,4,True,True,True,False,16,False,True,6,4,0,3,3,AI_GENERATION
25,31,372,False,16,2,False,False,False,False,0,False,False,0,0,0,0,0,NON_AI
19,21,327,True,17,2,True,True,True,True,19,True,True,2,3,1,0,3,AI_GENERATION
16,17,88,True,11,2,True,True,True,False,4,False,True,0,0,0,0,0,AI_CAPABLE_PAGE
12,11,400,True,10,3,True,True,True,False,14,False,False,4,0,2,0,3,AI_INTERACTION
16,16,43,True,22,1,True,True,True,False,12,False,False,0,0,0,0,0,AI_CAPABLE_PAGE
11,3,434,False,19,0,False,False,False,False,0,False,False,0,0,0,0,0,NON_AI
23,32,137,True,7,2,True,True,True,True,15,False,False,2,1,3,0,1,AI_INTERACTION
16,29,507,False,7,2,False,False,False,False,0,False,False,0,0,0,0,0,NON_AI
16,7,23,True,3,1,True,True,True,True,8,False,True,0,0,0,0,0,AI_CAPABLE_PAGE
11,19,313,False,23,1,True,True,True,False,3,False,False,2,1,2,0,3,AI_INTERACTION
11,17,670,True,17,4,True,True,True,True,14,True,True,3,2,4,0,4,AI_GENERATION
20,36,379,False,2,3,False,True,False,False,0,False,False,0,0,0,0,0,NON_AI
24,13,636,True,14,4,True,True,True,False,4,True,False,1,7,2,0,3,AI_GENERATION
19,8,332,False,20,1,True,True,True,False,4,False,False,2,2,3,0,2,AI_INTERACTION
12,1,73,True,10,0,True,True,True,False,11,False,False,0,0,0,0,0,AI_CAPABLE_PAGE
22,9,146,False,13,4,False,False,False,False,0,False,False,0,0,0,0,0,NON_AI
18,17,101,True,8,3,True,True,True,False,12,False,True,0,0,0,0,0,AI_CAPABLE_PAGE
18,23,13,True,17,1,True,True,True,False,10,False,True,0,0,0,0,0,AI_CAPABLE_PAGE
17,25,290,True,13,4,True,True,True,True,15,True,False,8,7,0,0,2,AI_GENERATION
17,4,23,True,17,3,True,True,True,False,9,False,False,0,0,0,0,0,AI_CAPABLE_PAGE
20,39,61,False,0,1,False,False,False,False,0,False,False,0,0,0,0,0,NON_AI
18,13,127,False,12,2,True,True,True,True,12,True,False,4,8,2,5,2,AI_GENERATION
16,7,29,True,16,1,True,True,True,False,10,False,False,0,0,0,0,0,AI_CAPABLE_PAGE
19,12,350,True,13,1,True,True,True,True,20,True,True,8,6,2,6,2,AI_GENERATION
16,25,30,True,7,2,True,True,False,True,2,False,False,0,0,0,0,0,AI_CAPABLE_PAGE
24,36,25,False,12,3,False,True,False,False,0,False,False,0,0,0,0,0,NON_AI
11,25,101,True,6,0,True,True,True,False,4,False,True,0,0,0,0,0,AI_CAPABLE_PAGE
21,47,325,True,4,3,True,True,True,True,4,True,True,5,1,0,3,2,AI_GENERATION
20,23,102,False,15,2,True,True,True,True,8,False,False,1,3,3,0,1,AI_INTERACTION
15,2,111,True,10,3,True,True,True,False,4,False,True,3,2,1,0,2,AI_INTERACTION
11,8,60,True,9,3,True,True,True,False,9,False,False,0,0,0,0,0,AI_CAPABLE_PAGE
16,36,15,False,16,1,False,False,False,False,0,False,False,0,0,0,0,0,NON_AI
19,13,42,True,10,1,True,True,True,True,9,False,False,4,2,2,0,3,AI_INTERACTION
12,32,413,False,17,1,True,True,True,True,3,False,False,2,1,1,0,1,AI_INTERACTION
18,21,827,False,3,2,True,True,True,True,4,True,False,8,4,2,0,3,AI_GENERATION
13,16,262,True,3,1,True,True,True,True,12,False,True,2,7,2,2,2,AI_GENERATION
22,17,63,True,16,2,True,True,True,True,6,False,False,0,0,0,0,0,AI_CAPABLE_PAGE
18,28,287,False,6,1,True,True,True,True,9,False,True,6,3,4,3,4,AI_GENERATION
13,48,441,True,13,4,True,True,True,True,16,True,True,1,2,4,0,2,AI_GENERATION
13,9,416,True,13,4,True,True,True,True,13,False,False,2,3,2,0,3,AI_INTERACTION
17,23,88,True,11,1,True,True,False,False,4,False,True,0,0,0,0,0,AI_CAPABLE_PAGE
16,13,334,True,19,4,True,True,True,False,4,False,False,2,0,1,0,1,AI_INTERACTION
20,18,460,False,11,5,False,False,False,False,0,False,False,0,0,0,0,1,NON_AI
9,31,385,False,19,2,False,False,False,False,0,False,False,0,0,0,0,0,NON_AI
20,16,20,False,20,2,True,True,True,True,3,False,False,0,0,0,0,0,AI_CAPABLE_PAGE
8,28,539,False,13,2,False,False,False,False,0,False,False,0,0,0,0,0,NON_AI
24,17,836,True,7,2,True,True,True,False,20,True,True,6,7,0,3,2,AI_GENERATION
11,29,175,False,22,2,False,False,False,False,0,False,False,0,0,0,0,0,NON_AI
22,24,99,False,17,5,False,False,False,False,0,False,False,0,0,0,0,1,NON_AI
14,17,50,False,22,3,False,True,False,False,0,False,False,0,0,0,0,0,NON_AI
18,17,74,True,20,0,True,True,False,False,3,False,True,0,0,0,0,0,AI_CAPABLE_PAGE
18,10,98,False,22,1,False,False,False,False,0,False,True,0,0,0,0,0,NON_AI
11,22,272,True,1,2,True,True,True,True,15,True,False,3,3,4,5,3,AI_GENERATION
19,39,208,False,18,4,False,False,False,False,0,False,False,0,0,0,0,0,NON_AI
13,13,9,True,0,2,True,True,True,False,7,False,False,0,0,0,0,0,AI_CAPABLE_PAGE
11,12,73,False,10,0,False,True,True,True,10,False,True,0,0,0,0,0,AI_CAPABLE_PAGE
17,22,565,False,18,1,False,False,False,False,0,False,False,0,0,0,0,1,NON_AI
19,23,69,False,1,1,True,True,False,False,9,False,True,0,0,0,0,0,AI_CAPABLE_PAGE
12,16,849,True,2,1,True,True,True,True,5,False,True,7,4,5,2,2,AI_GENERATION
13,25,447,False,0,1,True,True,True,True,15,False,True,1,2,0,0,2,AI_INTERACTION
18,20,167,False,8,3,True,True,True,False,15,False,False,2,0,3,0,1,AI_INTERACTION
20,11,45,True,7,2,True,True,True,False,2,False,False,0,0,0,0,0,AI_CAPABLE_PAGE
20,29,341,False,14,2,True,True,True,True,8,True,True,8,3,4,0,2,AI_GENERATION
23,40,272,True,11,1,True,True,True,True,14,False,False,1,8,5,1,4,AI_GENERATION
15,38,271,False,16,4,True,True,True,True,10,False,True,8,7,5,1,4,AI_GENERATION
18,30,457,False,14,5,False,False,False,False,0,False,False,0,0,0,0,0,NON_AI
18,10,28,True,5,1,True,True,True,True,7,False,False,0,0,0,0,0,AI_CAPABLE_PAGE
14,10,334,True,16,3,True,True,True,True,12,False,False,5,7,0,1,4,AI_GENERATION
22,23,88,False,14,4,True,True,True,False,11,False,False,4,3,2,0,3,AI_INTERACTION
17,42,93,True,17,1,True,True,True,True,9,False,False,6,4,1,2,2,AI_GENERATION
12,1,27,True,20,0,True,True,False,False,3,False,False,0,0,0,0,0,AI_CAPABLE_PAGE
14,3,110,False,7,2,True,False,False,False,12,False,False,0,0,0,0,0,AI_CAPABLE_PAGE
16,9,58,True,22,1,True,True,True,True,11,False,True,2,0,2,0,3,AI_INTERACTION
9,2,100,False,6,1,False,False,False,False,1,False,False,0,0,0,0,0,NON_AI
12,48,622,False,22,3,True,True,True,False,13,False,True,7,1,2,4,2,AI_GENERATION
18,13,29,True,15,2,True,True,True,False,2,False,False,0,0,0,0,0,AI_CAPABLE_PAGE
14,21,492,False,16,1,False,False,False,False,0,False,False,0,0,0,0,0,NON_AI
17,21,241,True,12,3,True,True,True,True,17,True,True,2,8,2,6,2,AI_GENERATION
20,10,83,True,21,1,True,True,False,False,7,False,False,0,0,0,0,0,AI_CAPABLE_PAGE
18,8,80,True,21,2,True,True,False,False,12,False,False,0,0,0,0,0,AI_CAPABLE_PAGE
21,15,80,False,18,2,True,True,False,True,3,False,True,0,0,0,0,0,AI_CAPABLE_PAGE
16,15,119,True,22,3,True,True,True,False,8,False,False,0,0,0,0,0,AI_CAPABLE_PAGE
23,42,646,True,21,3,True,True,True,False,18,True,True,5,3,4,3,4,AI_GENERATION
23,16,489,False,13,1,False,False,False,False,0,False,False,0,0,0,0,0,NON_AI
13,16,806,True,19,2,True,True,True,False,19,True,False,2,4,3,4,3,AI_GENERATION
20,22,394,False,10,3,False,False,False,False,0,False,False,0,0,0,0,0,NON_AI
22,12,360,True,18,2,True,True,True,True,8,False,True,3,1,3,0,1,AI_INTERACTION
13,18,270,True,5,4,True,True,True,True,6,False,False,1,1,0,0,2,AI_INTERACTION
22,9,94,True,19,1,True,True,False,True,7,False,False,0,0,0,0,0,AI_CAPABLE_PAGE
17,16,385,False,7,2,True,True,True,False,15,False,True,1,2,1,0,1,AI_INTERACTION
11,15,107,False,20,0,True,True,False,False,2,False,False,0,0,0,0,0,AI_CAPABLE_PAGE
9,15,594,False,12,2,False,False,False,False,0,False,False,0,0,0,0,0,NON_AI
15,24,393,True,8,4,True,True,True,True,4,True,False,5,3,4,0,4,AI_GENERATION
21,22,53,True,7,2,True,True,True,False,5,False,False,2,3,0,0,1,AI_INTERACTION
21,23,78,True,3,2,True,True,True,False,8,False,True,0,0,0,0,0,AI_CAPABLE_PAGE
19,28,201,True,10,3,True,True,True,True,18,False,False,1,7,2,4,4,AI_GENERATION
21,27,220,True,22,1,True,True,True,False,12,False,False,4,1,3,0,2,AI_INTERACTION
10,14,117,False,3,3,True,False,True,True,4,False,False,0,0,0,0,0,AI_CAPABLE_PAGE
20,13,40,True,20,3,True,True,True,True,3,False,True,0,0,0,0,0,AI_CAPABLE_PAGE
20,36,756,True,15,1,True,True,True,True,4,True,False,5,3,2,2,4,AI_GENERATION
12,36,211,True,2,4,True,True,True,False,6,True,False,6,8,1,0,4,AI_GENERATION
12,30,418,True,8,4,True,True,True,True,14,False,False,3,1,1,0,2,AI_INTERACTION
14,15,235,False,21,1,False,False,False,False,0,False,True,0,0,0,0,0,NON_AI
18,23,200,True,6,2,True,True,True,False,6,True,True,4,6,2,0,2,AI_GENERATION
10,33,256,False,18,2,True,True,True,False,20,True,False,2,3,3,0,2,AI_GENERATION
23,25,236,True,8,3,True,True,True,True,17,True,True,4,6,5,1,3,AI_GENERATION
20,14,423,True,4,3,True,True,True,True,13,False,True,3,1,3,0,3,AI_INTERACTION
11,26,375,True,8,4,True,True,True,True,12,True,False,6,4,2,2,3,AI_GENERATION
20,9,622,True,13,1,True,True,True,True,14,False,True,1,5,5,4,2,AI_GENERATION
18,28,455,False,19,4,True,True,True,False,6,False,True,5,3,0,2,3,AI_GENERATION
8,32,144,False,6,3,False,False,False,False,0,False,False,0,0,0,0,0,NON_AI
21,25,66,True,3,2,True,True,True,False,2,False,False,0,0,0,0,0,AI_CAPABLE_PAGE
11,8,237,False,23,3,True,True,True,False,9,True,True,4,5,5,2,2,AI_GENERATION
21,22,385,False,8,4,False,False,False,False,0,False,False,0,0,0,0,0,NON_AI
15,4,126,False,14,2,False,False,False,False,0,False,False,0,0,0,0,0,NON_AI
12,27,106,False,15,4,False,False,False,False,0,False,True,0,0,0,0,0,NON_AI
20,24,371,True,1,2,True,True,True,False,8,False,True,1,0,0,0,1,AI_INTERACTION
19,44,716,True,5,4,True,True,True,True,10,True,False,7,3,0,4,3,AI_GENERATION
18,47,423,True,10,1,True,True,True,True,9,True,True,8,7,5,3,2,AI_GENERATION
25,4,854,True,14,1,True,True,True,True,10,True,True,6,6,4,3,3,AI_GENERATION
16,4,325,False,23,2,True,True,True,True,19,True,False,7,2,2,0,4,AI_GENERATION
13,28,386,True,5,4,True,True,True,True,6,False,False,1,2,2,0,1,AI_INTERACTION
11,17,497,False,20,2,False,False,False,False,0,False,False,0,0,0,0,0,NON_AI
11,4,215,True,21,2,True,True,True,False,6,False,True,6,8,5,2,2,AI_GENERATION
8,8,259,False,12,3,False,False,False,False,0,False,False,0,0,0,0,0,NON_AI
22,33,340,True,13,4,True,True,True,False,15,True,True,1,7,1,0,2,AI_GENERATION
17,16,259,True,7,2,True,True,True,False,6,False,False,4,1,2,0,2,AI_INTERACTION
11,3,78,True,23,2,True,True,False,True,9,False,True,0,0,0,0,0,AI_CAPABLE_PAGE
16,29,670,True,2,2,True,True,True,False,18,False,True,1,3,4,3,4,AI_GENERATION
24,7,357,True,19,4,True,True,True,False,15,False,True,3,3,2,0,2,AI_INTERACTION
23,33,159,True,20,4,True,True,True,True,15,False,False,2,0,0,0,1,AI_INTERACTION
24,12,218,True,13,3,True,True,True,True,10,False,False,2,3,1,0,3,AI_INTERACTION
20,1,23,True,23,3,True,True,True,False,4,False,True,0,0,0,0,0,AI_CAPABLE_PAGE
12,12,810,False,21,1,True,True,True,True,13,True,False,8,8,1,4,4,AI_GENERATION
10,22,850,True,15,1,True,True,True,True,16,True,False,4,4,1,0,2,AI_GENERATION
12,25,17,True,19,1,True,True,True,False,12,False,False,0,0,0,0,0,AI_CAPABLE_PAGE
14,22,59,True,0,3,True,True,True,True,7,False,True,1,0,3,0,3,AI_INTERACTION
14,13,8,True,5,3,True,True,True,False,7,False,False,0,0,0,0,0,AI_CAPABLE_PAGE
16,17,69,True,0,1,True,True,True,False,4,False,True,0,0,0,0,0,AI_CAPABLE_PAGE
18,35,121,True,21,1,True,True,True,False,4,False,False,2,1,2,0,1,AI_INTERACTION
18,15,430,True,17,3,True,True,True,True,8,False,False,4,3,3,0,2,AI_INTERACTION
21,24,299,True,4,1,True,True,True,False,8,False,False,2,2,1,0,1,AI_INTERACTION
21,16,61,False,8,3,True,True,True,True,8,False,False,1,1,2,0,1,AI_INTERACTION
12,18,293,False,19,1,False,False,False,False,0,False,False,0,0,0,0,0,NON_AI
22,31,459,True,17,2,True,True,True,True,18,False,True,2,2,5,6,4,AI_GENERATION
17,39,768,True,6,4,True,True,True,True,6,True,False,3,1,1,1,2,AI_GENERATION
12,2,34,True,5,0,True,True,True,True,9,False,False,0,0,0,0,0,AI_CAPABLE_PAGE
15,16,42,True,6,1,True,True,True,False,5,False,False,0,0,0,0,0,AI_CAPABLE_PAGE
21,33,173,True,4,2,True,True,True,True,11,False,True,3,1,0,0,1,AI_INTERACTION
10,47,670,True,14,1,True,True,True,True,15,True,False,4,1,1,2,3,AI_GENERATION
19,10,79,False,16,4,True,True,True,False,4,False,False,2,2,1,0,2,AI_INTERACTION
25,49,283,False,21,3,True,True,True,True,9,True,True,1,8,1,1,4,AI_GENERATION
12,33,64,True,10,2,True,True,True,False,7,False,False,4,2,2,0,2,AI_INTERACTION
14,13,17,True,10,1,True,True,True,False,8,False,False,0,0,0,0,0,AI_CAPABLE_PAGE
22,3,45,True,6,3,True,True,False,False,5,False,False,0,0,0,0,0,AI_CAPABLE_PAGE
13,24,525,False,7,0,False,False,False,False,0,False,False,0,0,0,0,0,NON_AI
14,24,406,True,0,3,True,True,True,True,5,False,True,1,3,2,0,3,AI_INTERACTION
11,14,555,False,22,5,False,False,False,False,0,False,False,0,0,0,0,0,NON_AI
14,29,107,True,20,3,True,True,True,True,7,True,True,6,8,5,0,4,AI_GENERATION
12,20,184,True,20,2,True,True,True,True,14,False,True,4,3,1,0,3,AI_INTERACTION
24,29,545,False,22,2,False,False,False,False,0,False,False,0,0,0,0,0,NON_AI
11,7,681,True,7,1,True,True,True,True,10,True,True,4,6,5,0,4,AI_GENERATION
20,27,146,False,18,3,False,False,False,False,0,False,False,0,0,0,0,0,NON_AI
17,26,271,True,5,3,True,True,True,True,8,False,False,3,3,0,0,1,AI_INTERACTION
22,10,188,True,22,3,True,True,True,True,5,False,False,4,1,1,0,2,AI_INTERACTION
14,17,868,True,10,1,True,True,True,True,5,True,False,7,1,2,2,2,AI_GENERATION
10,19,532,False,21,5,False,False,False,False,0,False,False,0,0,0,0,0,NON_AI
23,8,562,False,17,2,True,True,True,True,14,True,False,3,8,5,2,3,AI_GENERATION
15,3,333,False,12,0,False,False,False,False,0,False,False,0,0,0,0,0,NON_AI
17,16,80,False,2,2,False,False,False,False,0,False,False,0,0,0,0,0,NON_AI
9,7,67,False,12,5,False,False,False,False,0,False,False,0,0,0,0,0,NON_AI
20,37,9,False,8,1,False,False,False,False,0,False,False,0,0,0,0,0,NON_AI
22,10,450,False,5,5,False,False,False,False,0,False,False,0,0,0,0,0,NON_AI
24,24,133,True,6,3,True,True,True,False,8,False,False,3,3,3,0,2,AI_INTERACTION
19,40,642,False,19,4,True,True,True,False,6,True,False,5,3,3,6,2,AI_GENERATION
19,16,85,True,6,3,True,True,True,False,2,False,False,0,0,0,0,0,AI_CAPABLE_PAGE
10,11,71,True,7,0,True,True,False,False,3,False,False,0,0,0,0,0,AI_CAPABLE_PAGE
11,18,522,True,8,1,True,True,True,True,7,True,False,8,8,5,5,2,AI_GENERATION
22,20,117,False,13,0,True,False,True,True,10,False,False,0,0,0,0,0,AI_CAPABLE_PAGE
18,17,505,False,23,5,False,False,False,False,0,False,False,0,0,0,0,0,NON_AI
23,40,600,True,4,1,True,True,True,True,14,False,False,3,8,0,3,3,AI_GENERATION
20,10,101,False,0,1,False,True,True,False,12,False,False,0,0,0,0,0,AI_CAPABLE_PAGE
10,35,147,True,14,2,True,True,True,False,9,False,True,1,2,3,0,1,AI_INTERACTION
12,24,406,False,7,4,False,False,False,False,0,False,False,0,0,0,0,0,NON_AI
11,5,168,False,20,1,True,True,True,True,4,False,False,4,2,0,0,1,AI_INTERACTION
16,21,120,True,5,3,True,True,True,False,12,False,False,0,0,0,0,0,AI_CAPABLE_PAGE
14,5,265,True,15,4,True,True,True,True,5,False,True,4,0,2,0,2,AI_INTERACTION
15,7,92,False,21,0,True,False,False,False,4,False,False,0,0,0,0,0,AI_CAPABLE_PAGE
11,9,94,True,7,3,True,True,True,False,3,False,False,0,0,0,0,0,AI_CAPABLE_PAGE
18,29,290,True,14,3,True,True,True,False,3,False,False,4,1,2,0,1,AI_INTERACTION
16,19,101,True,20,0,True,True,True,False,4,False,False,0,0,0,0,0,AI_CAPABLE_PAGE
15,27,224,True,11,4,True,True,True,True,4,False,True,3,2,0,0,1,AI_INTERACTION
19,20,406,False,4,4,False,False,False,False,0,False,False,0,0,0,0,0,NON_AI
16,14,45,True,11,1,True,True,True,False,5,False,True,0,0,0,0,0,AI_CAPABLE_PAGE
13,8,17,False,22,1,False,False,False,False,0,False,False,0,0,0,0,0,NON_AI
15,17,86,False,6,1,False,False,False,False,0,False,False,0,0,0,0,0,NON_AI
11,35,223,False,4,2,True,True,True,False,3,False,True,2,0,3,0,2,AI_INTERACTION
20,3,92,True,20,2,True,True,True,False,10,False,False,0,0,0,0,0,AI_CAPABLE_PAGE
18,23,33,True,4,0,True,True,True,False,9,False,False,0,0,0,0,0,AI_CAPABLE_PAGE
16,25,103,True,0,1,True,True,False,False,6,False,False,0,0,0,0,0,AI_CAPABLE_PAGE
11,19,400,True,8,3,True,True,True,False,7,False,False,1,0,0,0,3,AI_INTERACTION
11,19,430,False,2,0,False,False,False,False,0,False,False,0,0,0,0,0,NON_AI
25,42,690,True,5,3,True,True,True,True,5,True,False,5,4,3,0,3,AI_GENERATION
20,6,94,True,18,0,True,True,True,False,5,False,False,0,0,0,0,0,AI_CAPABLE_PAGE
11,5,295,True,17,2,True,True,True,False,11,False,True,2,2,1,0,2,AI_INTERACTION
17,27,431,True,10,4,True,True,True,True,8,False,False,4,2,1,0,1,AI_INTERACTION
12,7,114,True,18,1,True,True,True,True,2,False,True,0,0,0,0,0,AI_CAPABLE_PAGE
14,4,307,True,0,3,True,True,True,False,7,False,False,2,0,2,0,3,AI_INTERACTION
12,32,418,True,14,2,True,True,True,True,10,False,True,1,2,0,0,1,AI_INTERACTION
19,43,537,True,10,3,True,True,True,False,7,True,True,8,6,1,3,4,AI_GENERATION
19,11,269,False,23,5,False,False,False,False,1,False,True,0,0,0,0,0,NON_AI
8,9,499,False,15,0,False,False,False,False,0,False,False,0,0,0,0,1,NON_AI
13,12,62,True,19,3,True,True,True,False,2,False,False,0,0,0,0,0,AI_CAPABLE_PAGE
9,4,571,False,9,5,False,False,False,False,0,False,False,0,0,0,0,1,NON_AI
11,1,528,False,21,2,False,False,False,False,0,False,False,0,0,0,0,0,NON_AI
16,25,340,False,6,3,False,False,False,False,0,False,False,0,0,0,0,0,NON_AI
22,16,91,True,11,1,True,True,True,False,12,False,True,0,0,0,0,0,AI_CAPABLE_PAGE
18,9,401,False,18,3,False,False,False,False,0,False,False,0,0,0,0,0,NON_AI
20,14,424,False,11,2,True,True,True,True,5,False,True,2,0,0,0,3,AI_INTERACTION
17,32,447,True,18,4,True,True,True,False,7,False,True,3,1,1,0,2,AI_INTERACTION
23,7,323,False,19,2,True,True,True,False,15,False,False,3,3,3,0,3,AI_INTERACTION
22,21,88,True,2,0,True,True,False,False,9,False,False,0,0,0,0,0,AI_CAPABLE_PAGE
19,8,399,True,23,3,True,True,True,False,9,False,False,4,2,3,0,3,AI_INTERACTION
21,11,135,True,21,3,True,True,True,False,3,False,False,3,0,3,0,1,AI_INTERACTION
11,17,238,True,14,2,True,True,True,False,6,False,True,1,1,2,0,2,AI_INTERACTION
11,45,331,True,18,2,True,True,True,True,9,True,False,2,5,2,0,3,AI_GENERATION
10,31,123,False,9,3,False,False,False,False,0,False,False,0,0,0,0,0,NON_AI
9,11,403,False,20,0,False,False,False,False,0,False,False,0,0,0,0,0,NON_AI
18,15,76,True,22,0,True,True,True,False,6,False,True,0,0,0,0,0,AI_CAPABLE_PAGE
12,29,148,True,4,1,True,True,True,False,15,False,True,3,1,2,0,1,AI_INTERACTION
12,15,397,False,22,1,False,False,False,False,0,False,False,0,0,0,0,0,NON_AI
22,37,453,True,19,3,True,True,True,True,7,False,True,8,4,2,5,4,AI_GENERATION
11,33,765,True,5,1,True,True,True,False,19,True,False,4,7,2,0,2,AI_GENERATION
11,7,43,True,20,2,True,True,True,True,14,False,False,1,3,0,0,3,AI_INTERACTION
24,17,390,False,7,4,False,False,False,False,0,False,False,0,0,0,0,0,NON_AI
24,17,100,True,5,1,True,True,True,False,13,False,True,3,2,3,0,1,AI_INTERACTION
25,2,477,False,22,1,False,False,False,False,0,False,False,0,0,0,0,0,NON_AI
11,45,197,True,7,4,True,True,True,True,18,True,True,3,7,5,0,3,AI_GENERATION
22,20,208,False,12,3,False,False,False,False,0,False,False,0,0,0,0,0,NON_AI
20,8,36,False,7,2,False,False,False,False,0,False,False,0,0,0,0,0,NON_AI
20,17,53,True,23,1,True,True,False,False,7,False,False,0,0,0,0,0,AI_CAPABLE_PAGE
22,15,158,True,20,1,True,True,True,True,9,True,True,4,1,2,5,4,AI_GENERATION
18,32,342,True,15,3,True,True,True,False,14,False,True,1,1,0,0,2,AI_INTERACTION
19,24,75,True,9,0,True,True,True,False,11,False,False,0,0,0,0,0,AI_CAPABLE_PAGE
13,3,717,True,23,3,True,True,True,True,7,True,True,8,5,4,6,3,AI_GENERATION
15,17,339,False,1,3,True,True,True,True,15,False,False,4,1,3,0,1,AI_INTERACTION
20,5,23,True,12,2,True,True,True,False,7,False,False,0,0,0,0,0,AI_CAPABLE_PAGE
15,25,551,True,8,3,True,True,True,True,12,True,False,7,3,4,1,3,AI_GENERATION
20,13,34,True,12,0,True,True,False,False,11,False,False,0,0,0,0,0,AI_CAPABLE_PAGE
22,23,185,False,19,3,True,True,True,False,10,False,False,4,1,3,0,2,AI_INTERACTION
11,20,100,True,11,3,True,True,True,False,12,False,False,0,0,0,0,0,AI_CAPABLE_PAGE
10,24,14,True,9,0,True,True,False,False,3,False,True,0,0,0,0,0,AI_CAPABLE_PAGE
14,13,111,True,23,4,True,True,True,False,8,False,False,4,2,2,0,2,AI_INTERACTION
18,16,407,False,15,1,False,False,False,False,0,False,False,0,0,0,0,0,NON_AI
24,11,430,False,17,4,False,False,False,False,0,False,False,0,0,0,0,0,NON_AI
15,1,103,True,22,2,True,True,False,False,11,False,False,0,0,0,0,0,AI_CAPABLE_PAGE
18,14,32,True,10,1,True,True,True,False,7,False,False,1,2,0,0,3,AI_INTERACTION
24,34,242,False,19,1,False,False,False,False,0,False,False,0,0,0,0,0,NON_AI
19,15,220,True,2,4,True,True,True,True,9,False,True,3,2,3,0,2,AI_INTERACTION
14,10,272,True,21,4,True,True,True,True,8,True,True,2,2,0,4,3,AI_GENERATION
15,23,339,True,22,4,True,True,True,True,10,False,True,2,3,1,0,3,AI_INTERACTION
16,40,621,True,22,3,True,True,True,False,20,True,True,5,3,2,2,3,AI_GENERATION
17,8,354,True,18,1,True,True,True,False,9,False,True,4,3,0,0,1,AI_INTERACTION
18,12,81,True,19,2,True,True,True,False,8,False,False,4,3,0,0,3,AI_INTERACTION
23,27,161,True,15,3,True,True,True,False,19,True,False,5,4,1,2,3,AI_GENERATION
12,13,400,True,16,1,True,True,True,True,3,False,False,3,3,3,0,2,AI_INTERACTION
21,19,122,False,12,0,False,False,False,False,0,False,False,0,0,0,0,0,NON_AI
11,40,580,False,7,5,False,False,False,False,0,False,False,0,0,0,0,0,NON_AI
15,31,359,False,21,5,False,False,False,False,0,False,False,0,0,0,0,0,NON_AI
10,29,351,False,19,1,True,True,True,False,9,False,True,2,1,0,0,2,AI_INTERACTION
19,31,309,True,13,1,True,True,True,True,10,False,False,3,3,2,0,2,AI_INTERACTION
24,8,387,True,11,4,True,True,True,False,9,False,False,3,0,1,0,1,AI_INTERACTION
20,21,134,False,20,3,True,True,True,False,3,False,False,4,3,2,0,1,AI_INTERACTION
22,10,73,True,14,3,True,True,True,True,5,False,False,0,0,0,0,0,AI_CAPABLE_PAGE
15,25,87,True,13,4,True,True,True,False,4,False,True,3,2,1,0,3,AI_INTERACTION
22,23,11,True,13,2,True,True,True,False,9,False,True,0,0,0,0,0,AI_CAPABLE_PAGE
17,22,83,True,2,1,True,True,True,False,12,False,False,0,0,0,0,0,AI_CAPABLE_PAGE
25,29,167,False,23,3,False,False,False,False,0,False,False,0,0,0,0,0,NON_AI
25,14,445,False,14,1,False,False,False,False,0,False,False,0,0,0,0,0,NON_AI
23,49,576,True,19,1,True,True,True,True,4,True,False,7,4,1,1,4,AI_GENERATION
18,33,398,False,13,4,False,False,False,False,0,False,False,0,0,0,0,0,NON_AI
13,4,272,False,7,4,True,True,True,False,4,False,False,3,2,1,0,3,AI_INTERACTION
22,11,42,True,12,4,True,True,True,False,3,False,True,2,3,0,0,3,AI_INTERACTION
24,14,120,False,8,4,True,True,True,True,10,False,True,3,2,3,0,3,AI_INTERACTION
21,7,113,True,23,1,True,True,True,True,4,False,False,0,0,0,0,0,AI_CAPABLE_PAGE
15,15,153,True,22,2,True,True,True,True,3,False,False,1,1,0,0,2,AI_INTERACTION
22,3,394,False,3,1,True,True,True,True,8,True,False,1,7,3,3,4,AI_GENERATION
20,19,126,True,14,1,True,True,True,False,3,False,False,4,3,1,0,3,AI_INTERACTION
10,25,104,False,11,2,False,False,False,False,0,False,False,0,0,0,0,0,NON_AI
23,5,176,True,19,3,True,True,True,False,10,False,False,3,2,1,0,2,AI_INTERACTION
17,48,683,True,21,2,True,True,True,True,9,True,False,2,8,2,6,4,AI_GENERATION
17,35,439,True,12,4,True,True,True,False,10,False,False,3,3,2,0,3,AI_INTERACTION
11,7,11,False,20,1,False,True,True,False,5,False,True,0,0,0,0,0,AI_CAPABLE_PAGE
18,27,831,True,1,2,True,True,True,False,6,True,False,8,8,2,0,2,AI_GENERATION
25,13,495,True,17,2,True,True,True,True,14,False,False,6,6,1,2,4,AI_GENERATION
21,9,257,False,15,3,True,True,True,True,5,False,False,1,2,0,0,3,AI_INTERACTION
10,5,843,True,0,1,True,True,True,False,4,True,True,3,2,0,0,4,AI_GENERATION
20,15,333,False,11,4,True,True,True,True,13,False,True,3,1,0,0,2,AI_INTERACTION
13,36,175,False,15,2,False,False,False,False,0,False,False,0,0,0,0,0,NON_AI
19,40,775,False,11,2,True,True,True,True,16,True,False,7,3,2,0,3,AI_GENERATION
19,40,287,False,21,3,False,False,False,False,0,False,False,0,0,0,0,0,NON_AI
16,16,70,True,8,1,True,True,False,True,6,False,False,0,0,0,0,0,AI_CAPABLE_PAGE
12,31,372,False,1,1,False,False,False,False,0,False,False,0,0,0,0,0,NON_AI
20,30,299,True,21,3,True,True,True,False,9,False,False,3,2,1,0,1,AI_INTERACTION
18,40,211,False,4,2,False,False,False,False,0,False,False,0,0,0,0,1,NON_AI
16,29,132,True,11,1,True,True,True,False,3,False,False,3,3,2,0,3,AI_INTERACTION
19,12,93,True,21,3,True,True,False,True,4,False,True,0,0,0,0,0,AI_CAPABLE_PAGE
20,19,430,True,8,1,True,True,True,True,17,True,True,6,5,5,0,3,AI_GENERATION
19,7,51,False,5,3,False,False,False,False,0,False,False,0,0,0,0,0,NON_AI
13,13,105,False,20,1,True,True,True,True,13,False,True,4,2,0,0,3,AI_INTERACTION
21,11,789,False,3,4,True,True,True,True,20,True,True,6,2,3,1,2,AI_GENERATION
11,33,394,True,16,3,True,True,True,True,17,True,True,8,3,1,0,2,AI_GENERATION
23,40,354,True,19,1,True,True,True,False,12,True,False,8,1,0,4,4,AI_GENERATION
21,2,71,True,3,3,True,True,True,False,5,False,False,0,0,0,0,0,AI_CAPABLE_PAGE
17,25,91,True,23,1,True,True,True,False,5,False,False,0,0,0,0,0,AI_CAPABLE_PAGE
16,3,48,False,6,3,False,True,False,False,5,False,True,0,0,0,0,0,AI_CAPABLE_PAGE
14,12,828,True,14,1,True,True,True,True,19,True,True,7,5,4,4,2,AI_GENERATION
14,39,248,True,18,1,True,True,True,False,11,True,True,1,4,1,6,2,AI_GENERATION
21,3,75,True,7,4,True,True,True,True,12,True,True,8,7,5,0,2,AI_GENERATION
13,10,94,True,12,0,True,True,True,False,3,False,False,0,0,0,0,0,AI_CAPABLE_PAGE
21,7,101,True,11,3,True,True,True,True,5,True,True,4,6,2,3,4,AI_GENERATION
17,19,66,True,0,2,True,True,True,True,17,True,False,6,8,3,3,2,AI_GENERATION
15,10,259,True,9,4,True,True,True,False,9,False,True,1,3,0,0,2,AI_INTERACTION
12,10,318,True,0,1,True,True,True,True,6,True,True,3,4,1,6,3,AI_GENERATION
11,22,154,False,4,0,False,False,False,False,0,False,False,0,0,0,0,0,NON_AI
13,18,349,True,7,2,True,True,True,True,20,False,True,1,6,5,5,3,AI_GENERATION
23,27,31,True,8,4,True,True,True,False,11,False,False,3,3,1,0,2,AI_INTERACTION
16,15,87,True,6,3,True,True,True,False,12,False,False,0,0,0,0,0,AI_CAPABLE_PAGE
13,23,543,True,10,3,True,True,True,False,7,False,True,2,8,3,3,2,AI_GENERATION
17,49,832,True,12,1,True,True,True,False,13,True,False,3,8,3,0,2,AI_GENERATION
18,3,32,False,23,3,True,True,True,True,8,False,False,0,0,0,0,0,AI_CAPABLE_PAGE
22,24,530,False,18,0,False,False,False,False,0,False,False,0,0,0,0,0,NON_AI
18,24,90,True,18,1,True,True,True,False,10,False,True,1,1,0,0,1,AI_INTERACTION
15,5,76,True,4,3,True,True,True,False,5,False,False,2,1,1,0,2,AI_INTERACTION
19,33,525,False,14,3,False,True,False,False,0,False,False,0,0,0,0,0,NON_AI
11,27,376,False,4,1,True,True,True,True,16,True,True,8,8,5,5,3,AI_GENERATION
12,20,167,False,8,0,False,False,False,False,0,False,False,0,0,0,0,0,NON_AI
11,4,318,False,15,1,True,True,True,True,4,False,False,1,2,2,0,2,AI_INTERACTION
24,8,358,False,13,0,False,False,False,False,0,False,False,0,0,0,0,1,NON_AI
24,27,81,True,4,1,True,True,True,False,9,False,True,1,0,0,0,1,AI_INTERACTION
21,13,178,True,17,2,True,True,True,False,5,False,True,1,3,1,0,3,AI_INTERACTION
12,7,32,True,23,1,True,True,True,True,11,False,True,0,0,0,0,0,AI_CAPABLE_PAGE
15,13,480,True,4,1,True,True,True,True,16,True,True,8,7,1,2,3,AI_GENERATION
17,20,99,True,9,3,True,True,True,False,8,False,True,0,0,0,0,0,AI_CAPABLE_PAGE
19,38,33,False,22,5,False,False,False,False,0,False,False,0,0,0,0,0,NON_AI
11,37,108,False,9,4,False,False,False,False,0,False,False,0,0,0,0,0,NON_AI
17,29,747,True,5,1,True,True,True,False,8,True,False,6,3,0,0,3,AI_GENERATION
16,25,57,True,21,1,True,True,True,False,12,False,False,1,1,2,0,1,AI_INTERACTION
10,22,54,True,8,1,True,True,True,False,11,False,True,0,0,0,0,0,AI_CAPABLE_PAGE
9,33,233,False,17,5,False,False,False,False,0,False,False,0,0,0,0,0,NON_AI
12,19,97,True,23,3,True,True,True,True,17,True,False,1,6,5,1,3,AI_GENERATION
16,3,122,True,17,4,True,True,True,True,13,False,False,7,8,1,5,2,AI_GENERATION
16,4,34,True,6,0,True,True,True,True,8,False,False,0,0,0,0,0,AI_CAPABLE_PAGE
11,1,12,True,8,0,True,True,True,False,2,False,True,0,0,0,0,0,AI_CAPABLE_PAGE
16,13,36,True,1,1,True,True,True,False,7,False,False,4,1,2,0,1,AI_INTERACTION
23,13,236,False,4,1,False,False,False,False,0,False,False,0,0,0,0,0,NON_AI
20,27,98,True,6,2,True,True,True,True,6,False,False,3,3,3,0,2,AI_INTERACTION
23,4,717,True,23,2,True,True,True,True,11,True,False,4,6,5,6,4,AI_GENERATION
15,18,46,True,11,3,True,True,False,False,7,False,False,0,0,0,0,0,AI_CAPABLE_PAGE
15,8,271,True,12,2,True,True,True,False,13,False,True,4,1,0,0,2,AI_INTERACTION
21,4,32,True,16,3,True,True,True,False,9,False,False,0,0,0,0,0,AI_CAPABLE_PAGE
14,13,13,True,19,0,True,True,True,False,8,False,True,0,0,0,0,0,AI_CAPABLE_PAGE
20,13,223,False,18,2,True,True,True,True,6,True,False,6,2,1,5,2,AI_GENERATION
16,22,441,True,21,2,True,True,True,True,9,False,False,3,2,0,0,2,AI_INTERACTION
22,15,551,False,7,2,False,False,False,False,0,False,False,0,0,0,0,0,NON_AI
10,4,142,True,4,2,True,True,True,False,8,False,True,4,0,2,0,2,AI_INTERACTION
12,1,568,False,5,3,False,False,False,False,0,False,False,0,0,0,0,0,NON_AI
24,31,361,False,15,0,False,False,False,False,0,False,False,0,0,0,0,0,NON_AI
17,21,297,False,20,0,False,False,False,False,0,False,False,0,0,0,0,0,NON_AI
21,23,54,False,13,2,False,True,False,False,6,False,False,0,0,0,0,0,AI_CAPABLE_PAGE
16,9,15,True,12,3,True,True,False,True,4,False,False,0,0,0,0,0,AI_CAPABLE_PAGE
12,43,370,True,17,2,True,True,True,True,9,True,True,6,4,4,5,2,AI_GENERATION
23,24,283,True,10,1,True,True,True,True,10,True,False,4,5,5,2,4,AI_GENERATION
21,32,147,False,20,2,False,False,False,False,0,False,False,0,0,0,0,0,NON_AI
18,44,798,True,4,1,True,True,True,True,8,True,False,4,8,4,3,2,AI_GENERATION
13,3,855,True,10,1,True,True,True,True,16,True,True,4,6,3,0,3,AI_GENERATION
12,8,404,True,5,3,True,True,True,False,5,False,False,4,2,2,0,3,AI_INTERACTION
13,21,79,True,11,0,True,True,False,True,6,False,True,0,0,0,0,0,AI_CAPABLE_PAGE
15,25,96,False,23,0,False,False,False,False,0,False,False,0,0,0,0,0,NON_AI
17,29,395,False,12,5,False,True,False,False,0,False,False,0,0,0,0,0,NON_AI
23,47,843,True,12,4,True,True,True,True,16,True,True,1,2,3,0,2,AI_GENERATION
10,16,383,False,9,1,False,False,False,False,0,False,False,0,0,0,0,0,NON_AI
14,23,426,True,5,2,True,True,True,True,16,True,True,2,8,0,2,2,AI_GENERATION
21,28,226,False,10,4,True,True,True,True,14,True,False,7,8,4,4,3,AI_GENERATION
22,23,686,True,4,1,True,True,True,True,11,True,False,7,4,0,0,3,AI_GENERATION
10,23,82,True,15,0,True,True,True,True,8,False,True,0,0,0,0,0,AI_CAPABLE_PAGE
22,26,386,True,22,4,True,True,True,False,4,False,False,3,2,1,0,2,AI_INTERACTION
13,38,198,True,5,4,True,True,True,True,19,True,False,5,2,4,0,2,AI_GENERATION
22,40,10,False,2,0,False,False,False,False,0,False,False,0,0,0,0,0,NON_AI
22,1,19,True,21,2,True,True,True,False,11,False,False,0,0,0,0,0,AI_CAPABLE_PAGE
18,28,553,True,18,2,True,True,True,True,10,True,False,6,6,0,5,3,AI_GENERATION
9,11,269,False,5,4,False,False,False,False,0,False,False,0,0,1,0,0,NON_AI
23,27,48,False,16,1,True,True,True,True,3,False,True,1,3,2,0,2,AI_INTERACTION
16,25,246,False,14,2,False,False,False,False,0,False,False,0,0,1,0,0,NON_AI
8,36,573,False,4,0,False,True,False,False,0,False,False,0,0,0,0,0,NON_AI
11,18,84,False,10,2,True,False,True,False,2,False,True,0,0,0,0,0,AI_CAPABLE_PAGE
10,44,744,True,3,2,True,True,True,True,7,True,True,1,1,2,5,4,AI_GENERATION
17,20,67,True,22,2,True,True,False,False,8,False,False,0,0,0,0,0,AI_CAPABLE_PAGE
22,12,109,True,4,2,True,True,True,False,8,False,False,0,0,0,0,0,AI_CAPABLE_PAGE
19,34,424,True,5,1,True,True,True,True,15,False,True,2,1,2,0,3,AI_INTERACTION
21,11,358,True,6,2,True,True,True,False,10,False,True,2,3,2,0,3,AI_INTERACTION
16,4,84,True,13,1,True,True,False,False,11,False,True,0,0,0,0,0,AI_CAPABLE_PAGE
24,28,115,True,15,2,True,True,True,False,6,False,True,3,2,0,0,3,AI_INTERACTION
12,21,5,False,19,3,True,True,True,False,9,False,False,0,0,0,0,0,AI_CAPABLE_PAGE
17,18,52,True,22,0,True,True,True,False,12,False,True,0,0,0,0,0,AI_CAPABLE_PAGE
13,24,244,True,17,2,True,True,True,False,9,False,True,4,0,1,0,1,AI_INTERACTION
9,11,111,False,13,4,False,False,False,False,0,False,False,0,0,0,0,0,NON_AI
17,37,769,True,21,4,True,True,True,True,4,True,False,3,7,3,3,4,AI_GENERATION
22,21,12,False,1,2,True,True,False,True,5,False,True,0,0,0,0,0,AI_CAPABLE_PAGE
17,20,109,True,22,2,True,True,True,True,7,False,False,3,1,0,0,1,AI_INTERACTION
10,1,474,False,19,4,False,False,False,False,0,False,False,0,0,0,0,0,NON_AI
20,16,851,True,14,1,True,True,True,True,4,True,False,5,5,1,4,4,AI_GENERATION
19,16,63,True,14,0,True,True,True,True,9,False,True,0,0,0,0,0,AI_CAPABLE_PAGE
20,6,570,False,9,5,False,False,False,False,0,False,False,0,0,0,0,1,NON_AI
19,13,16,True,12,2,True,True,True,False,8,False,True,0,0,0,0,0,AI_CAPABLE_PAGE
16,14,171,True,23,4,True,True,True,True,12,True,False,7,6,0,4,3,AI_GENERATION
12,3,225,True,15,2,True,True,True,True,10,False,True,7,3,4,5,3,AI_GENERATION
11,12,59,True,15,0,True,True,True,True,5,False,False,0,0,0,0,0,AI_CAPABLE_PAGE
23,25,157,True,19,1,True,True,True,True,18,True,False,5,7,2,0,2,AI_GENERATION
13,39,449,False,5,0,False,False,False,False,0,False,False,0,0,0,0,0,NON_AI
11,35,192,True,17,1,True,True,True,False,13,False,True,2,3,1,0,3,AI_INTERACTION
14,24,51,True,13,2,True,True,False,True,6,False,False,0,0,0,0,0,AI_CAPABLE_PAGE
11,43,777,True,4,4,True,True,True,False,6,True,True,6,6,5,5,4,AI_GENERATION
10,22,39,True,4,3,True,True,True,True,2,False,False,0,0,0,0,0,AI_CAPABLE_PAGE
15,3,448,True,13,2,True,True,True,False,14,True,True,8,6,3,1,2,AI_GENERATION
21,7,117,True,14,0,True,True,True,False,4,False,False,0,0,0,0,0,AI_CAPABLE_PAGE
18,9,638,True,8,3,True,True,True,False,11,True,False,2,1,4,4,4,AI_GENERATION
12,18,611,True,10,1,True,True,True,True,14,True,False,3,1,3,4,2,AI_GENERATION
12,48,636,True,22,3,True,True,True,True,14,True,True,2,6,1,1,3,AI_GENERATION
13,19,98,True,11,0,True,True,True,False,3,False,True,0,0,0,0,0,AI_CAPABLE_PAGE
18,48,772,True,4,2,True,True,True,False,19,False,True,3,2,1,3,4,AI_GENERATION
15,8,576,False,13,4,False,False,False,False,0,False,False,0,0,0,0,0,NON_AI
24,24,412,False,10,5,False,False,False,False,0,False,True,0,0,0,0,0,NON_AI
21,23,78,True,15,0,True,True,True,False,10,False,True,0,0,0,0,0,AI_CAPABLE_PAGE
21,31,220,False,14,2,True,True,True,False,3,False,True,2,0,2,0,2,AI_INTERACTION
22,16,66,True,13,3,True,True,False,False,3,False,False,0,0,0,0,0,AI_CAPABLE_PAGE
19,33,79,False,4,3,True,True,True,False,15,False,False,1,3,0,0,2,AI_INTERACTION
17,49,299,True,9,4,True,True,True,True,12,True,True,1,1,4,0,2,AI_GENERATION
10,2,87,True,11,2,True,True,True,True,11,False,False,0,0,0,0,0,AI_CAPABLE_PAGE
25,48,405,True,23,3,True,True,True,True,14,True,False,7,6,2,6,4,AI_GENERATION
24,23,440,False,23,4,False,False,False,False,0,False,False,0,0,0,0,0,NON_AI
15,46,162,True,9,4,True,True,True,True,19,True,True,4,7,3,6,3,AI_GENERATION
21,34,551,False,9,2,False,False,False,False,0,False,False,0,0,0,0,0,NON_AI
15,32,317,True,8,3,True,True,True,False,8,False,False,2,1,0,0,2,AI_INTERACTION
15,10,30,True,2,3,True,True,True,False,8,False,False,0,0,0,0,0,AI_CAPABLE_PAGE
22,34,637,False,20,4,True,True,True,True,13,False,False,6,8,4,6,3,AI_GENERATION
10,38,51,False,22,0,False,False,False,False,0,False,False,0,0,0,0,0,NON_AI
15,28,32,True,6,4,True,True,True,False,8,False,False,2,2,3,0,3,AI_INTERACTION
18,20,99,True,13,1,True,True,False,False,2,False,False,0,0,0,0,0,AI_CAPABLE_PAGE
25,2,408,False,18,4,False,False,False,False,0,False,False,0,0,0,0,0,NON_AI
14,40,814,True,23,2,True,True,True,True,19,True,False,7,8,5,0,3,AI_GENERATION
16,1,41,True,14,3,True,True,True,False,12,False,False,0,0,0,0,0,AI_CAPABLE_PAGE
19,9,112,True,21,3,True,True,False,False,5,False,False,0,0,0,0,0,AI_CAPABLE_PAGE
24,12,233,True,17,1,True,True,True,False,14,False,False,3,2,3,0,1,AI_INTERACTION
24,26,895,True,13,2,True,True,True,False,15,True,False,6,4,5,1,2,AI_GENERATION
17,31,85,True,23,1,True,True,True,False,9,False,False,2,3,2,0,1,AI_INTERACTION
15,10,52,True,0,1,True,True,True,False,10,False,False,0,0,0,0,0,AI_CAPABLE_PAGE
16,4,497,False,11,4,False,False,False,False,0,False,False,0,0,0,0,0,NON_AI
19,20,88,True,13,4,True,True,True,False,19,False,False,8,2,4,2,4,AI_GENERATION
13,40,528,False,8,1,False,False,False,False,0,False,False,0,0,0,0,0,NON_AI
15,20,73,False,16,1,True,True,True,True,4,False,True,0,0,0,0,0,AI_CAPABLE_PAGE
23,12,158,True,15,3,True,True,True,True,5,False,True,4,2,1,0,3,AI_INTERACTION
12,7,12,True,23,1,True,True,False,True,8,False,False,0,0,0,0,0,AI_CAPABLE_PAGE
16,6,686,True,0,4,True,True,True,False,6,True,True,8,2,4,1,2,AI_GENERATION
23,38,415,False,17,4,False,False,False,False,0,False,False,0,0,1,0,0,NON_AI
9,36,434,False,7,2,False,False,False,False,0,False,False,0,0,0,0,0,NON_AI
16,49,644,False,2,1,True,True,True,False,9,True,False,6,1,0,0,3,AI_GENERATION
15,23,324,False,4,0,False,False,False,False,0,False,False,0,0,0,0,0,NON_AI
18,26,339,False,10,3,False,False,False,False,0,False,False,0,0,0,0,0,NON_AI
21,15,584,True,13,1,True,True,True,True,8,False,True,6,5,1,1,3,AI_GENERATION
15,7,421,False,16,1,True,True,True,True,19,True,False,6,2,3,1,2,AI_GENERATION
11,14,55,True,5,3,True,True,True,False,5,False,False,0,0,0,0,0,AI_CAPABLE_PAGE
11,4,175,True,6,4,True,True,True,True,7,True,True,5,5,2,3,2,AI_GENERATION
15,21,62,False,7,0,False,False,False,False,0,False,False,0,0,0,0,0,NON_AI
9,2,258,False,6,0,False,False,False,False,0,False,False,0,0,0,0,0,NON_AI
11,22,404,False,11,4,True,True,True,False,9,False,True,3,3,0,0,1,AI_INTERACTION
25,27,268,False,6,0,False,False,False,False,0,False,False,0,0,0,0,1,NON_AI
14,25,429,True,20,2,True,True,True,False,7,False,True,1,0,2,0,2,AI_INTERACTION
10,12,182,False,23,4,False,False,False,False,0,False,False,0,0,0,0,0,NON_AI
24,25,478,False,18,4,False,False,False,False,0,False,True,0,0,0,0,0,NON_AI
22,39,379,True,2,3,True,True,True,True,12,True,False,1,2,0,0,4,AI_GENERATION
18,4,109,True,10,2,True,True,True,True,5,False,False,0,0,0,0,0,AI_CAPABLE_PAGE
16,22,74,True,4,3,True,True,True,False,12,False,True,0,0,0,0,0,AI_CAPABLE_PAGE
20,7,39,True,15,0,True,True,False,False,8,False,True,0,0,0,0,0,AI_CAPABLE_PAGE
15,38,336,False,0,1,False,False,False,False,0,False,False,0,0,0,0,0,NON_AI
13,3,70,True,17,2,True,True,True,False,4,False,True,0,0,0,0,0,AI_CAPABLE_PAGE
15,21,390,False,8,3,False,False,False,False,0,False,False,0,0,0,0,0,NON_AI
20,22,15,True,3,1,True,True,True,False,3,False,False,0,0,0,0,0,AI_CAPABLE_PAGE
21,2,76,True,12,0,True,True,True,False,6,False,False,0,0,0,0,0,AI_CAPABLE_PAGE
13,25,40,True,6,0,True,True,True,False,12,False,False,0,0,0,0,0,AI_CAPABLE_PAGE
20,37,38,False,19,1,False,False,False,False,0,False,False,0,0,0,0,0,NON_AI
23,35,876,True,8,4,True,True,True,True,19,False,True,3,1,5,5,3,AI_GENERATION
19,25,22,True,6,1,True,True,False,True,9,False,True,0,0,0,0,0,AI_CAPABLE_PAGE
13,24,387,True,5,1,True,True,True,True,13,False,True,1,2,0,5,3,AI_GENERATION
18,5,531,False,7,2,False,False,False,False,0,False,False,0,0,0,0,0,NON_AI
15,27,121,True,1,3,True,True,True,True,15,False,False,1,1,3,0,1,AI_INTERACTION
18,17,325,True,15,3,True,True,True,True,14,False,False,1,2,2,0,3,AI_INTERACTION
10,33,181,False,1,1,False,False,False,False,0,False,False,0,0,0,0,0,NON_AI
17,5,889,True,23,4,True,True,True,False,9,True,True,4,4,4,4,2,AI_GENERATION
17,8,750,True,10,3,True,True,True,True,4,True,True,6,7,3,1,3,AI_GENERATION
23,6,97,True,1,2,True,True,True,True,12,False,False,4,3,0,0,3,AI_INTERACTION
24,7,143,False,13,0,False,False,False,False,0,False,False,0,0,0,0,0,NON_AI
18,19,51,True,1,0,True,True,True,False,3,False,False,0,0,0,0,0,AI_CAPABLE_PAGE
21,22,45,True,17,0,True,True,True,False,7,False,True,0,0,0,0,0,AI_CAPABLE_PAGE
12,20,164,False,2,1,True,True,True,False,8,False,False,2,3,0,0,2,AI_INTERACTION
13,5,323,False,22,4,False,False,False,False,0,False,False,0,0,0,0,0,NON_AI
18,27,366,False,16,4,False,True,False,False,0,False,False,0,0,0,0,0,NON_AI
11,17,241,False,14,2,False,False,False,False,0,False,False,0,0,0,0,0,NON_AI
17,8,87,True,12,2,True,True,True,True,14,False,False,2,3,2,0,2,AI_INTERACTION
8,32,445,False,5,1,False,False,False,False,0,False,False,0,0,0,0,0,NON_AI
18,18,848,True,4,4,True,True,True,True,17,True,True,2,6,4,0,3,AI_GENERATION
12,18,56,True,16,2,True,True,True,False,11,False,False,0,0,0,0,0,AI_CAPABLE_PAGE
24,13,209,True,20,1,True,True,True,False,5,False,False,1,1,1,0,3,AI_INTERACTION
22,33,154,True,7,4,True,True,True,False,4,False,False,4,3,3,0,1,AI_INTERACTION
13,40,587,False,9,3,False,False,False,False,1,False,False,0,0,0,0,0,NON_AI
12,13,355,False,13,4,False,False,False,False,0,False,False,0,0,0,0,0,NON_AI
15,11,126,True,1,1,True,True,True,False,12,True,False,2,1,2,0,4,AI_GENERATION
19,35,47,False,23,3,False,False,False,False,0,False,False,0,0,0,0,0,NON_AI
22,1,152,False,13,5,False,False,False,False,0,False,False,0,0,0,0,0,NON_AI
11,30,21,False,3,1,False,False,False,False,1,False,False,0,0,0,0,0,NON_AI
21,19,878,True,12,2,True,True,True,False,9,True,False,6,5,0,1,3,AI_GENERATION
12,24,175,True,16,2,True,True,True,False,14,False,True,2,3,0,0,2,AI_INTERACTION
16,15,384,False,2,4,False,True,False,False,0,False,False,0,0,0,0,0,NON_AI
24,16,561,False,0,3,False,False,False,False,0,False,False,0,0,0,0,0,NON_AI
12,11,501,False,11,4,True,True,True,False,20,True,False,3,7,0,3,2,AI_GENERATION
11,21,15,True,2,1,True,True,False,True,2,False,True,0,0,0,0,0,AI_CAPABLE_PAGE
10,8,7,True,19,0,True,True,True,False,5,False,False,0,0,0,0,0,AI_CAPABLE_PAGE
18,29,16,False,8,1,False,False,False,False,0,False,False,0,0,0,0,1,NON_AI
11,4,90,False,13,3,True,True,True,False,6,False,True,0,0,0,0,0,AI_CAPABLE_PAGE
24,5,35,True,19,3,True,True,True,True,6,False,True,3,2,1,0,1,AI_INTERACTION
15,8,365,False,0,2,True,True,True,True,12,False,False,4,0,3,0,3,AI_INTERACTION
10,6,88,True,15,3,True,True,True,False,11,False,False,0,0,0,0,0,AI_CAPABLE_PAGE
24,32,47,True,4,4,True,True,True,True,9,False,False,2,1,0,0,1,AI_INTERACTION
15,13,65,True,23,1,True,True,False,False,9,False,False,0,0,0,0,0,AI_CAPABLE_PAGE
19,26,60,True,20,3,True,True,True,True,8,False,False,3,0,3,0,1,AI_INTERACTION
15,34,283,False,9,5,False,False,False,False,0,False,False,0,0,0,0,0,NON_AI
21,18,91,True,17,2,True,True,True,False,12,False,False,0,0,0,0,0,AI_CAPABLE_PAGE
17,40,91,False,21,1,False,False,False,False,0,False,False,0,0,0,0,0,NON_AI
20,40,301,True,1,1,True,True,True,False,10,True,True,2,6,2,4,2,AI_GENERATION
21,27,450,True,10,4,True,True,True,True,4,True,False,3,5,4,2,4,AI_GENERATION
12,26,91,True,18,4,True,True,True,True,18,True,False,8,7,0,0,4,AI_GENERATION
21,3,19,True,23,0,True,True,True,False,4,False,False,0,0,0,0,0,AI_CAPABLE_PAGE
21,15,598,True,10,1,True,True,True,True,11,False,False,2,2,0,6,4,AI_GENERATION
13,15,6,True,7,0,True,True,False,False,7,False,True,0,0,0,0,0,AI_CAPABLE_PAGE
22,16,402,True,5,3,True,True,True,True,13,False,False,1,2,0,0,2,AI_INTERACTION
11,3,818,True,4,2,True,True,True,False,6,False,False,8,4,5,2,4,AI_GENERATION
11,33,205,True,19,1,True,True,True,True,7,False,False,3,1,2,0,2,AI_INTERACTION
8,38,597,False,12,4,False,False,False,False,1,False,False,0,0,0,0,0,NON_AI
20,9,20,True,13,3,True,True,True,False,4,False,True,0,0,0,0,0,AI_CAPABLE_PAGE
15,17,119,True,22,2,True,True,True,True,7,False,True,1,1,3,0,2,AI_INTERACTION
12,27,458,False,6,0,False,False,False,False,0,False,False,0,0,0,0,0,NON_AI
12,44,744,True,5,4,True,True,True,True,12,True,False,7,3,3,6,3,AI_GENERATION
21,2,254,False,1,1,False,False,False,False,0,False,False,0,0,1,0,0,NON_AI
10,10,62,False,8,3,False,False,False,False,0,False,False,0,0,0,0,0,NON_AI
18,9,30,True,20,3,True,True,True,True,14,False,False,3,1,3,0,3,AI_INTERACTION
13,17,10,True,14,0,True,True,True,False,9,False,False,0,0,0,0,0,AI_CAPABLE_PAGE
10,25,11,True,20,1,True,True,True,False,4,False,True,0,0,0,0,0,AI_CAPABLE_PAGE
19,17,115,True,15,1,True,True,True,False,3,False,False,4,1,1,0,2,AI_INTERACTION
15,45,857,True,19,1,True,True,True,True,16,True,False,7,3,3,4,2,AI_GENERATION
19,15,184,False,12,2,False,False,False,False,0,False,False,0,0,1,0,0,NON_AI
23,15,224,True,14,4,True,True,True,True,15,False,True,1,0,1,0,3,AI_INTERACTION
12,9,177,True,14,2,True,True,True,False,7,False,False,3,0,1,0,3,AI_INTERACTION
17,7,302,True,3,3,True,True,True,False,6,True,True,6,6,3,1,4,AI_GENERATION
11,11,130,True,18,1,True,True,True,True,19,True,True,6,7,4,1,3,AI_GENERATION
21,20,24,True,11,0,True,True,True,False,12,False,False,0,0,0,0,0,AI_CAPABLE_PAGE
19,5,394,True,18,1,True,True,True,False,4,False,False,4,1,1,0,1,AI_INTERACTION
12,24,365,True,10,4,True,True,True,False,15,False,True,3,3,0,0,3,AI_INTERACTION
13,21,235,False,11,4,False,False,False,False,0,False,False,0,0,0,0,0,NON_AI
19,25,270,True,8,3,True,True,True,True,4,True,False,7,5,0,4,4,AI_GENERATION
17,22,112,True,14,1,True,True,True,False,2,False,False,0,0,0,0,0,AI_CAPABLE_PAGE
14,31,403,False,21,2,False,False,False,False,0,False,False,0,0,0,0,0,NON_AI
13,8,380,False,22,5,False,False,False,False,0,False,False,0,0,0,0,0,NON_AI
15,32,151,False,7,3,False,False,False,False,0,False,False,0,0,0,0,0,NON_AI
18,22,607,True,3,4,True,True,True,False,15,False,False,4,8,4,3,3,AI_GENERATION
23,44,700,True,3,2,True,True,True,False,19,True,True,8,5,5,0,4,AI_GENERATION
10,45,586,True,12,4,True,True,True,True,5,True,True,7,4,0,1,4,AI_GENERATION
21,9,328,True,8,1,True,True,True,True,9,False,True,3,0,1,0,1,AI_INTERACTION
12,18,116,True,21,3,True,True,True,False,9,False,True,2,2,0,0,2,AI_INTERACTION
22,35,329,True,14,4,True,True,True,False,11,False,True,1,1,3,0,2,AI_INTERACTION
17,22,413,False,22,2,True,True,True,False,9,False,True,3,0,2,0,3,AI_INTERACTION
17,32,161,True,21,3,True,True,True,False,13,False,False,4,3,1,0,1,AI_INTERACTION
15,15,74,False,4,1,True,True,True,True,4,False,True,0,0,0,0,0,AI_CAPABLE_PAGE
21,5,406,False,16,3,True,True,True,True,9,False,False,1,2,2,0,1,AI_INTERACTION
18,20,43,True,11,3,True,True,True,False,7,False,False,2,2,3,0,3,AI_INTERACTION
11,7,119,True,14,0,True,True,True,False,6,False,False,0,0,0,0,0,AI_CAPABLE_PAGE
18,24,60,False,7,3,False,False,False,False,0,False,False,0,0,0,0,0,NON_AI
18,27,590,False,12,0,False,False,False,False,0,False,False,0,0,0,0,0,NON_AI
21,35,163,True,12,4,True,True,True,False,6,False,True,1,2,2,0,1,AI_INTERACTION
15,24,157,True,1,3,True,True,True,False,13,False,True,2,1,2,0,3,AI_INTERACTION
21,10,157,False,10,3,True,True,True,False,9,False,False,2,4,0,3,3,AI_GENERATION
23,14,416,True,10,2,True,True,True,True,7,False,True,3,3,0,0,2,AI_INTERACTION
17,9,30,True,0,1,True,True,True,False,11,False,False,0,0,0,0,0,AI_CAPABLE_PAGE
24,24,402,False,15,3,False,False,False,False,1,False,False,0,0,0,0,0,NON_AI
18,30,280,True,8,1,True,True,True,False,9,False,False,2,0,2,0,2,AI_INTERACTION
13,16,613,True,18,1,True,True,True,False,19,True,False,7,8,1,2,2,AI_GENERATION
15,8,97,True,9,2,True,True,True,True,3,False,True,0,0,0,0,0,AI_CAPABLE_PAGE
14,36,579,True,10,2,True,True,True,True,18,True,False,2,2,3,5,2,AI_GENERATION
18,11,53,True,8,0,True,True,True,True,4,False,True,0,0,0,0,0,AI_CAPABLE_PAGE
14,23,261,True,11,3,True,True,True,False,7,False,True,1,2,2,0,3,AI_INTERACTION
23,11,67,True,0,3,True,True,True,True,11,True,True,5,5,0,2,4,AI_GENERATION
15,26,168,True,4,4,True,True,True,True,8,False,False,4,3,0,0,3,AI_INTERACTION
25,43,779,True,23,3,True,True,True,False,7,True,False,7,1,4,6,2,AI_GENERATION
22,42,754,True,5,3,True,True,True,True,9,True,True,7,3,2,6,4,AI_GENERATION
10,6,127,True,1,3,True,True,True,True,6,True,False,6,1,3,4,2,AI_GENERATION
24,12,150,True,6,1,True,True,True,True,4,False,True,2,0,3,0,3,AI_INTERACTION
12,6,131,True,7,1,True,True,True,False,14,False,False,2,3,0,0,2,AI_INTERACTION
15,35,143,False,12,3,False,False,False,False,0,False,False,0,0,0,0,0,NON_AI
17,16,893,True,18,3,True,True,True,False,17,False,True,6,1,4,5,4,AI_GENERATION
15,18,275,True,7,2,True,True,True,False,9,False,True,2,0,1,0,1,AI_INTERACTION
20,12,118,True,1,0,True,True,True,False,2,False,False,0,0,0,0,0,AI_CAPABLE_PAGE
11,9,566,True,10,1,True,True,True,True,18,True,True,8,2,1,1,4,AI_GENERATION
24,1,249,False,19,5,False,False,False,False,0,False,False,0,0,0,0,0,NON_AI
15,20,90,True,19,0,True,True,True,False,8,False,True,0,0,0,0,0,AI_CAPABLE_PAGE
18,5,60,True,4,1,True,True,True,False,3,False,True,0,0,0,0,0,AI_CAPABLE_PAGE
21,10,45,True,18,3,True,True,False,False,6,False,True,0,0,0,0,0,AI_CAPABLE_PAGE
12,37,215,False,2,4,False,False,False,False,0,False,False,0,0,0,0,0,NON_AI
22,7,18,True,4,1,True,True,True,False,11,False,True,0,0,0,0,0,AI_CAPABLE_PAGE
11,33,315,True,22,2,True,True,True,True,14,False,True,4,1,2,0,2,AI_INTERACTION
21,15,44,True,5,1,True,True,True,True,5,False,True,0,0,0,0,0,AI_CAPABLE_PAGE
23,29,90,True,12,3,True,True,True,True,12,True,False,7,8,1,6,2,AI_GENERATION
12,18,43,True,3,0,True,True,True,False,4,False,False,0,0,0,0,0,AI_CAPABLE_PAGE
19,24,214,True,15,4,True,True,True,False,9,False,True,3,2,1,0,2,AI_INTERACTION
20,25,49,True,14,1,True,True,True,False,4,False,True,0,0,0,0,0,AI_CAPABLE_PAGE
15,32,886,True,21,1,True,True,True,True,17,False,True,1,6,1,4,2,AI_GENERATION
22,30,293,False,12,4,False,False,False,False,0,False,False,0,0,0,0,0,NON_AI
20,25,103,True,10,2,True,True,True,True,2,False,False,0,0,0,0,0,AI_CAPABLE_PAGE
25,16,135,True,15,4,True,True,True,True,9,True,True,7,1,3,3,4,AI_GENERATION
22,4,824,True,3,2,True,True,True,False,6,True,True,3,8,2,2,4,AI_GENERATION
22,34,133,True,10,3,True,True,True,False,11,False,False,2,3,0,0,2,AI_INTERACTION
20,8,87,False,21,1,False,True,True,True,9,False,False,0,0,0,0,0,AI_CAPABLE_PAGE
11,23,574,False,11,0,False,False,False,False,0,False,False,0,0,0,0,0,NON_AI
11,8,151,True,1,1,True,True,True,True,19,True,False,4,2,5,4,4,AI_GENERATION
17,24,117,True,10,1,True,True,True,False,2,False,False,0,0,0,0,0,AI_CAPABLE_PAGE
12,34,84,False,7,3,True,True,True,False,10,False,False,2,3,1,0,1,AI_INTERACTION
22,17,388,True,22,3,True,True,True,True,4,True,True,6,2,1,5,2,AI_GENERATION
10,30,314,False,20,3,False,False,False,False,0,False,True,0,0,0,0,0,NON_AI
10,35,598,True,14,3,True,True,True,True,11,True,True,2,2,4,0,2,AI_GENERATION
14,20,25,True,20,1,True,True,True,False,5,False,True,0,0,0,0,0,AI_CAPABLE_PAGE
11,9,104,False,12,2,False,False,False,False,0,False,False,0,0,0,0,0,NON_AI
10,15,38,True,15,2,True,True,True,False,3,False,False,3,1,2,0,2,AI_INTERACTION
10,29,70,True,22,4,True,True,True,True,14,False,False,3,2,0,0,3,AI_INTERACTION
21,40,36,False,15,5,False,False,False,False,0,False,False,0,0,0,0,0,NON_AI
23,18,87,True,13,2,True,True,True,False,14,False,False,4,2,1,0,3,AI_INTERACTION
24,18,412,False,7,4,False,False,False,False,0,False,False,0,0,0,0,1,NON_AI
21,24,33,True,19,3,True,True,True,True,12,False,True,0,0,0,0,0,AI_CAPABLE_PAGE
12,16,110,False,4,2,False,False,False,False,0,False,False,0,0,0,0,0,NON_AI
24,10,430,True,8,4,True,True,True,True,11,True,False,1,4,0,4,3,AI_GENERATION
13,33,560,False,22,5,False,False,False,False,0,False,False,0,0,0,0,0,NON_AI
18,14,57,True,3,3,True,True,True,False,6,False,False,0,0,0,0,0,AI_CAPABLE_PAGE
15,38,129,True,5,4,True,True,True,True,10,True,True,7,3,2,6,2,AI_GENERATION
17,25,434,False,17,5,False,False,False,False,0,False,False,0,0,0,0,0,NON_AI
10,24,268,False,20,4,True,True,True,True,7,False,True,4,0,3,0,1,AI_INTERACTION
15,12,181,True,8,3,True,True,True,False,4,False,True,4,2,3,0,2,AI_INTERACTION
12,45,675,True,12,3,True,True,True,True,14,True,False,3,5,3,0,2,AI_GENERATION
12,37,415,False,2,1,False,False,False,False,0,False,False,0,0,0,0,0,NON_AI
14,10,87,True,5,2,True,True,True,True,5,False,True,0,0,0,0,0,AI_CAPABLE_PAGE
12,14,162,True,2,1,True,True,True,True,18,True,False,1,4,5,3,4,AI_GENERATION
11,2,356,False,20,0,False,False,False,False,0,False,False,0,0,0,0,0,NON_AI
9,6,438,False,8,0,False,True,False,False,0,False,False,0,0,0,0,0,NON_AI
12,36,310,True,15,2,True,True,True,True,18,True,True,3,8,3,5,4,AI_GENERATION
13,19,10,True,14,2,True,True,True,False,8,False,False,0,0,0,0,0,AI_CAPABLE_PAGE
24,9,408,False,2,4,False,False,False,False,0,False,False,0,0,0,0,0,NON_AI
20,27,900,True,18,4,True,True,True,True,15,True,True,2,2,3,3,2,AI_GENERATION
12,6,52,True,5,1,True,True,True,True,3,False,False,0,0,0,0,0,AI_CAPABLE_PAGE
10,7,874,True,14,4,True,True,True,True,7,True,False,1,1,5,0,4,AI_GENERATION
21,12,290,False,14,1,False,False,False,False,0,False,False,0,0,0,0,0,NON_AI
16,9,93,True,9,3,True,True,True,False,3,False,True,0,0,0,0,0,AI_CAPABLE_PAGE
11,38,31,False,9,4,False,False,False,False,0,False,False,0,0,0,0,0,NON_AI
18,7,47,True,6,2,True,True,True,False,12,False,False,0,0,0,0,0,AI_CAPABLE_PAGE
17,31,171,True,5,3,True,True,True,False,11,False,True,4,0,1,0,3,AI_INTERACTION
23,22,223,False,7,3,True,True,True,False,4,False,True,2,3,4,1,4,AI_GENERATION
10,26,532,False,23,2,False,False,False,False,0,False,False,0,0,0,0,0,NON_AI
18,15,27,True,10,2,True,True,True,False,9,False,False,0,0,0,0,0,AI_CAPABLE_PAGE
24,32,142,False,16,3,False,False,False,False,0,False,False,0,0,0,0,0,NON_AI
24,29,633,False,0,2,True,True,True,False,4,True,False,6,6,3,5,2,AI_GENERATION
24,32,462,False,2,3,False,False,False,False,0,False,False,0,0,0,0,0,NON_AI
12,13,308,False,6,0,False,False,False,False,0,False,False,0,0,0,0,0,NON_AI
19,21,49,True,14,3,True,True,True,True,5,False,False,0,0,0,0,0,AI_CAPABLE_PAGE
13,38,550,True,20,2,True,True,True,True,9,True,False,4,3,1,0,2,AI_GENERATION
21,14,116,True,6,3,True,True,False,True,11,False,False,0,0,0,0,0,AI_CAPABLE_PAGE
23,19,351,False,3,3,False,False,False,False,0,False,False,0,0,0,0,0,NON_AI
15,18,445,False,2,1,True,True,True,False,5,False,False,2,2,1,0,2,AI_INTERACTION
11,17,112,True,15,4,True,True,True,False,3,False,False,4,3,1,0,2,AI_INTERACTION
22,14,467,True,7,4,True,True,True,True,7,True,True,2,4,1,6,4,AI_GENERATION
11,6,10,False,9,3,False,False,False,False,0,False,False,0,0,0,0,0,NON_AI
21,18,541,False,2,2,False,False,False,False,0,False,False,0,0,0,0,0,NON_AI
14,12,296,True,2,1,True,True,True,False,15,False,False,2,2,3,0,2,AI_INTERACTION
15,4,105,True,23,1,True,True,True,False,14,False,True,3,3,3,0,1,AI_INTERACTION
25,17,293,False,9,1,False,False,False,False,0,False,False,0,0,0,0,0,NON_AI
8,4,232,False,4,1,False,False,False,False,0,False,False,0,0,0,0,0,NON_AI
21,23,82,True,6,0,True,True,True,False,8,False,True,0,0,0,0,0,AI_CAPABLE_PAGE
11,26,475,True,11,4,True,True,True,False,16,True,False,1,7,1,6,3,AI_GENERATION
19,20,16,True,4,1,True,True,True,False,10,False,False,0,0,0,0,0,AI_CAPABLE_PAGE
20,4,39,True,4,1,True,True,True,True,11,False,False,0,0,0,0,0,AI_CAPABLE_PAGE
18,12,75,True,10,2,True,True,True,False,6,False,False,0,0,0,0,0,AI_CAPABLE_PAGE
18,16,231,False,22,5,False,False,False,False,0,False,False,0,0,0,0,0,NON_AI
13,19,283,True,6,3,True,True,True,False,14,False,False,1,0,1,0,3,AI_INTERACTION
19,13,107,True,7,0,True,True,True,False,11,False,True,0,0,0,0,0,AI_CAPABLE_PAGE
23,19,736,False,14,1,True,True,True,False,19,True,False,8,6,2,0,3,AI_GENERATION
13,8,35,True,20,2,True,True,True,False,3,False,False,0,0,0,0,0,AI_CAPABLE_PAGE
18,19,38,False,7,2,True,False,True,True,7,False,True,0,0,0,0,0,AI_CAPABLE_PAGE
15,20,422,False,17,3,True,True,True,True,8,False,False,4,2,2,0,3,AI_INTERACTION
19,7,312,True,4,3,True,True,True,False,4,False,True,2,2,3,0,2,AI_INTERACTION
17,20,607,True,22,2,True,True,True,True,17,True,True,5,7,3,2,4,AI_GENERATION
12,34,301,False,13,3,True,True,True,True,14,False,False,3,0,2,0,2,AI_INTERACTION
20,3,308,True,7,4,True,True,True,False,4,False,False,3,1,2,0,2,AI_INTERACTION
21,11,134,True,11,3,True,True,True,True,7,True,False,8,5,5,1,4,AI_GENERATION
24,24,807,False,5,2,True,True,True,True,20,True,False,4,1,1,1,2,AI_GENERATION
8,19,428,False,12,0,False,False,False,False,0,False,False,0,0,0,0,0,NON_AI
24,24,610,False,18,4,True,True,True,False,13,True,False,4,4,4,5,2,AI_GENERATION
18,42,540,True,19,1,True,True,True,True,10,True,True,4,5,4,2,3,AI_GENERATION
17,48,220,True,20,1,True,True,True,True,8,False,True,3,2,2,6,3,AI_GENERATION
10,5,655,True,15,1,True,True,True,True,17,True,True,8,7,5,1,3,AI_GENERATION
20,23,103,True,14,3,True,True,True,True,11,False,True,0,0,0,0,0,AI_CAPABLE_PAGE
22,4,110,True,16,1,True,True,True,True,8,False,False,0,0,0,0,0,AI_CAPABLE_PAGE
15,6,891,True,17,1,True,True,True,True,14,False,False,2,3,1,4,4,AI_GENERATION
11,34,257,True,2,2,True,True,True,True,12,False,True,4,0,3,0,2,AI_INTERACTION
12,23,90,True,10,2,True,True,True,True,9,False,True,0,0,0,0,0,AI_CAPABLE_PAGE
18,42,778,False,12,4,True,True,True,True,10,True,True,6,7,1,3,2,AI_GENERATION
21,27,56,False,9,3,True,True,True,True,5,False,False,2,1,3,0,1,AI_INTERACTION
17,3,465,False,8,2,False,False,False,False,0,False,False,0,0,0,0,0,NON_AI
17,15,187,True,13,1,True,True,True,False,6,True,False,4,3,3,1,4,AI_GENERATION
22,33,425,True,21,1,True,True,True,False,8,False,False,3,0,2,0,2,AI_INTERACTION
18,9,84,True,20,1,True,True,True,True,12,False,True,0,0,0,0,0,AI_CAPABLE_PAGE
15,14,90,False,23,4,True,True,True,False,4,True,True,5,3,5,0,3,AI_GENERATION
25,48,566,False,4,2,True,True,True,False,9,False,False,6,8,0,3,3,AI_GENERATION
24,35,406,True,1,1,True,True,True,False,4,False,True,1,2,0,0,2,AI_INTERACTION
19,27,85,True,2,3,True,True,True,True,15,False,False,4,5,3,2,3,AI_GENERATION
23,4,82,True,3,4,True,True,True,True,6,False,True,4,3,1,0,2,AI_INTERACTION
10,23,65,True,18,0,True,True,False,False,8,False,True,0,0,0,0,0,AI_CAPABLE_PAGE
18,8,7,True,18,3,True,True,True,False,11,False,True,0,0,0,0,0,AI_CAPABLE_PAGE
18,39,402,False,19,3,False,False,False,False,0,False,False,0,0,0,0,0,NON_AI
15,11,323,False,17,0,False,False,False,False,0,False,False,0,0,0,0,0,NON_AI
23,5,859,True,20,4,True,True,True,False,8,True,False,6,1,5,0,4,AI_GENERATION
19,35,389,True,19,1,True,True,True,False,10,False,False,3,2,0,0,1,AI_INTERACTION
24,35,92,True,6,1,True,True,True,False,14,False,False,3,3,1,0,1,AI_INTERACTION
17,35,166,False,2,3,False,False,False,False,0,False,False,0,0,0,0,0,NON_AI
15,9,286,True,17,4,True,True,True,False,10,False,False,3,0,2,0,1,AI_INTERACTION
25,28,88,True,23,3,True,True,True,True,18,False,False,7,5,3,3,3,AI_GENERATION
14,1,313,False,13,5,False,False,False,False,0,False,False,0,0,0,0,0,NON_AI
18,12,245,True,12,2,True,True,True,True,10,True,True,3,3,5,2,3,AI_GENERATION
16,32,297,True,18,2,True,True,True,True,10,False,True,3,2,1,0,1,AI_INTERACTION
21,36,512,False,1,2,False,False,False,False,0,False,False,0,0,0,0,0,NON_AI
11,21,375,False,19,2,False,False,False,False,0,False,False,0,0,0,0,0,NON_AI
17,5,16,True,10,3,True,True,True,True,2,False,False,0,0,0,0,0,AI_CAPABLE_PAGE
16,21,345,False,15,1,True,True,True,False,18,True,False,3,7,4,0,2,AI_GENERATION
10,19,253,True,13,1,True,True,True,True,7,False,False,3,3,3,0,3,AI_INTERACTION
12,20,75,True,6,2,True,True,True,False,8,False,True,0,0,0,0,0,AI_CAPABLE_PAGE
22,17,416,True,9,4,True,True,True,True,17,True,False,8,7,5,3,2,AI_GENERATION
24,16,191,False,7,4,True,True,True,True,13,False,False,2,2,3,0,2,AI_INTERACTION
16,13,14,True,16,2,True,True,True,False,10,False,False,0,0,0,0,0,AI_CAPABLE_PAGE
17,14,559,True,22,2,True,True,True,True,16,True,True,8,7,1,3,4,AI_GENERATION
24,11,336,True,20,2,True,True,True,False,12,False,True,2,3,0,0,2,AI_INTERACTION
18,8,48,False,14,0,False,False,False,False,0,False,False,0,0,0,0,1,NON_AI
15,38,545,True,7,2,True,True,True,True,10,True,False,2,7,2,0,2,AI_GENERATION
12,1,49,True,21,2,True,True,True,False,10,False,True,0,0,0,0,0,AI_CAPABLE_PAGE
25,47,732,True,12,2,True,True,True,False,6,False,True,2,2,1,3,4,AI_GENERATION
14,10,30,False,1,1,False,False,False,False,0,False,False,0,0,0,0,0,NON_AI
17,48,313,True,13,2,True,True,True,True,16,True,False,8,4,0,0,3,AI_GENERATION
21,14,99,True,19,2,True,True,True,False,2,False,True,0,0,0,0,0,AI_CAPABLE_PAGE
12,10,75,False,16,4,False,True,False,False,0,False,False,0,0,0,0,0,NON_AI
16,6,486,False,0,5,False,False,False,False,0,False,False,0,0,0,0,0,NON_AI
16,24,429,False,15,1,True,True,True,True,12,False,False,2,2,2,0,1,AI_INTERACTION
17,29,134,False,4,4,False,False,False,False,1,False,False,0,0,0,0,0,NON_AI
22,5,87,False,10,4,False,False,False,False,0,False,False,0,0,0,0,0,NON_AI
23,10,344,False,23,0,False,False,False,False,0,False,False,0,0,0,0,0,NON_AI
8,33,445,False,5,0,False,False,False,False,0,False,False,0,0,0,0,0,NON_AI
13,10,285,True,6,3,True,True,True,False,8,False,True,2,3,1,0,2,AI_INTERACTION
11,10,515,False,22,2,False,False,False,False,0,False,False,0,0,0,0,0,NON_AI
20,12,48,False,18,4,True,True,True,True,12,False,True,4,2,2,0,1,AI_INTERACTION
11,15,429,False,10,5,False,False,False,False,0,False,False,0,0,0,0,0,NON_AI
25,1,100,False,7,1,False,False,False,False,0,False,False,0,0,0,0,0,NON_AI
14,38,152,False,22,3,False,False,False,False,0,False,False,0,0,0,0,0,NON_AI
21,24,623,True,23,3,True,True,True,True,18,True,False,8,3,5,6,2,AI_GENERATION
11,30,619,True,2,4,True,True,True,True,4,True,False,2,7,1,0,3,AI_GENERATION
11,34,214,True,16,1,True,True,True,False,3,False,True,4,3,0,0,2,AI_INTERACTION
14,20,413,False,21,5,False,False,False,False,0,False,False,0,0,0,0,0,NON_AI
13,20,34,True,7,0,True,True,True,False,9,False,True,0,0,0,0,0,AI_CAPABLE_PAGE
16,23,90,True,15,1,True,True,True,False,11,False,True,0,0,0,0,0,AI_CAPABLE_PAGE
21,21,136,False,19,1,True,True,True,True,9,False,True,4,1,1,0,2,AI_INTERACTION
20,33,123,True,11,1,True,True,True,False,5,False,False,2,3,1,0,3,AI_INTERACTION
21,27,593,False,2,1,False,False,False,False,0,False,False,0,0,0,0,0,NON_AI
11,20,344,True,2,3,True,True,True,False,10,False,False,2,1,2,0,1,AI_INTERACTION
10,33,156,True,1,1,True,True,True,False,7,False,False,2,1,0,0,1,AI_INTERACTION
20,22,445,False,3,0,False,False,False,False,0,False,False,0,0,0,0,0,NON_AI
25,10,397,False,6,4,False,False,False,False,0,False,False,0,0,0,0,0,NON_AI
21,19,21,True,6,0,True,True,False,True,2,False,False,0,0,0,0,0,AI_CAPABLE_PAGE
8,38,572,False,7,4,False,False,False,False,0,False,False,0,0,0,0,0,NON_AI
12,1,82,True,3,1,True,True,True,False,8,False,True,0,0,0,0,0,AI_CAPABLE_PAGE
22,13,457,True,0,2,True,True,True,True,20,True,False,2,8,4,6,4,AI_GENERATION
17,24,40,False,20,0,False,True,True,False,6,False,False,0,0,0,0,0,AI_CAPABLE_PAGE
18,3,29,True,19,0,True,True,False,False,9,False,False,0,0,0,0,0,AI_CAPABLE_PAGE
17,26,568,False,1,3,False,False,False,False,0,False,False,0,0,0,0,0,NON_AI
16,48,477,True,6,4,True,True,True,False,4,False,True,4,1,2,3,4,AI_GENERATION
19,14,19,False,3,2,True,True,True,False,7,False,True,0,0,0,0,0,AI_CAPABLE_PAGE
23,9,764,True,1,4,True,True,True,True,16,True,True,3,1,1,1,2,AI_GENERATION
19,25,53,True,2,0,True,True,True,False,8,False,True,0,0,0,0,0,AI_CAPABLE_PAGE
12,16,548,False,13,4,False,False,False,False,0,False,False,0,0,0,0,0,NON_AI
10,1,109,True,14,2,True,True,True,True,2,False,False,0,0,0,0,0,AI_CAPABLE_PAGE
22,3,241,True,20,1,True,True,True,True,9,False,True,3,3,1,0,1,AI_INTERACTION
14,3,9,True,17,2,True,True,True,False,4,False,False,0,0,0,0,0,AI_CAPABLE_PAGE
8,33,147,False,14,1,False,False,False,False,0,False,False,0,0,0,0,0,NON_AI
16,33,187,False,16,0,False,False,False,False,0,False,False,0,0,0,0,0,NON_AI
25,12,843,True,13,3,True,True,True,True,18,True,False,7,8,0,5,2,AI_GENERATION
10,7,171,False,17,3,True,True,True,False,10,False,True,3,2,3,0,1,AI_INTERACTION
13,31,862,False,20,3,True,True,True,True,4,True,False,6,6,3,0,4,AI_GENERATION
17,10,24,False,4,2,False,True,True,True,3,False,False,0,0,0,0,0,AI_CAPABLE_PAGE
15,29,388,False,12,3,False,False,False,False,0,False,False,0,0,0,0,1,NON_AI
25,28,579,False,0,0,False,False,False,False,0,False,False,0,0,0,0,0,NON_AI
13,20,86,True,3,0,True,True,True,False,8,False,False,0,0,0,0,0,AI_CAPABLE_PAGE
13,8,542,False,14,2,True,True,True,False,17,True,False,5,2,5,2,4,AI_GENERATION
18,33,459,True,15,2,True,True,True,True,8,True,True,4,8,3,0,2,AI_GENERATION
11,14,472,True,23,3,True,True,True,True,9,True,True,1,2,3,0,3,AI_GENERATION
17,24,116,True,3,1,True,True,True,False,4,False,True,0,0,0,0,0,AI_CAPABLE_PAGE
9,37,364,False,17,2,False,False,False,False,0,False,False,0,0,0,0,0,NON_AI
16,14,326,False,7,2,False,False,False,False,0,False,False,0,0,0,0,0,NON_AI
11,4,794,True,2,1,True,True,True,False,6,True,False,4,6,1,0,4,AI_GENERATION
17,36,201,True,17,1,True,True,True,False,13,False,False,6,7,5,1,2,AI_GENERATION
13,7,491,False,11,2,True,True,True,False,8,False,False,1,3,0,6,2,AI_GENERATION
22,6,32,False,5,0,True,True,False,True,10,False,True,0,0,0,0,0,AI_CAPABLE_PAGE
18,36,213,True,18,1,True,True,True,True,8,True,False,4,6,2,6,2,AI_GENERATION
13,27,277,True,18,4,True,True,True,False,5,False,True,1,2,0,0,2,AI_INTERACTION
12,1,99,False,17,2,True,True,False,False,11,False,False,0,0,0,0,0,AI_CAPABLE_PAGE
11,16,29,True,3,0,True,True,True,False,12,False,False,0,0,0,0,0,AI_CAPABLE_PAGE
21,26,402,False,23,0,False,False,False,False,0,False,False,0,0,0,0,0,NON_AI
14,7,113,True,21,0,True,True,False,False,10,False,False,0,0,0,0,0,AI_CAPABLE_PAGE
23,47,715,True,19,4,True,True,True,True,11,True,False,7,1,2,4,4,AI_GENERATION
17,1,59,True,20,0,True,True,False,False,8,False,True,0,0,0,0,0,AI_CAPABLE_PAGE
16,13,118,False,21,2,True,True,True,False,10,False,False,0,0,0,0,0,AI_CAPABLE_PAGE
21,9,119,True,17,2,True,True,False,False,3,False,False,0,0,0,0,0,AI_CAPABLE_PAGE
16,19,25,True,11,2,True,True,True,True,3,False,True,0,0,0,0,0,AI_CAPABLE_PAGE
12,7,5,True,19,2,True,True,True,False,9,False,False,0,0,0,0,0,AI_CAPABLE_PAGE
10,20,90,True,9,3,True,True,True,False,12,False,False,2,1,2,0,3,AI_INTERACTION
21,21,20,False,5,2,False,False,False,False,0,False,False,0,0,0,0,0,NON_AI
18,23,120,True,6,1,True,True,True,False,4,False,True,2,3,0,0,1,AI_INTERACTION
11,19,102,True,0,1,True,True,True,False,4,False,False,0,0,0,0,0,AI_CAPABLE_PAGE
23,21,431,True,16,1,True,True,True,True,10,False,True,3,3,3,0,2,AI_INTERACTION
24,6,196,False,23,4,True,True,True,False,5,False,False,2,0,3,0,1,AI_INTERACTION
18,33,106,True,8,1,True,True,True,False,6,True,True,7,5,0,1,4,AI_GENERATION
20,31,221,True,19,2,True,True,True,False,17,True,True,8,5,2,0,3,AI_GENERATION
22,24,79,False,18,1,True,True,False,False,12,False,True,0,0,0,0,0,AI_CAPABLE_PAGE
19,15,30,True,6,2,True,True,True,False,12,False,True,0,0,0,0,0,AI_CAPABLE_PAGE
13,40,55,False,21,0,False,False,False,False,0,False,False,0,0,0,0,0,NON_AI
22,49,102,True,1,4,True,True,True,True,10,True,True,8,6,0,0,4,AI_GENERATION
11,25,43,True,19,1,True,True,True,True,8,False,False,0,0,0,0,0,AI_CAPABLE_PAGE
10,23,251,False,23,5,False,False,False,False,0,False,False,0,0,0,0,1,NON_AI
17,8,685,True,20,3,True,True,True,True,8,True,True,5,2,0,0,2,AI_GENERATION
21,6,131,True,22,4,True,True,True,False,5,False,False,3,3,1,0,2,AI_INTERACTION
14,38,364,False,22,4,False,False,False,False,0,False,False,0,0,0,0,0,NON_AI
22,28,682,True,0,4,True,True,True,True,18,True,True,4,2,1,2,3,AI_GENERATION
24,6,101,True,16,2,True,True,True,False,6,False,True,3,2,2,0,1,AI_INTERACTION
15,35,426,True,19,4,True,True,True,True,13,False,False,1,1,3,0,1,AI_INTERACTION
8,18,153,False,4,4,False,False,False,False,0,False,False,0,0,1,0,1,NON_AI
21,17,114,True,21,4,True,True,True,True,9,True,True,3,5,1,4,3,AI_GENERATION
12,28,49,True,20,3,True,True,True,False,15,False,False,3,0,0,0,2,AI_INTERACTION
15,8,224,True,11,3,True,True,True,True,12,False,True,3,4,0,1,4,AI_GENERATION
12,20,40,True,8,2,True,True,True,True,4,False,False,0,0,0,0,0,AI_CAPABLE_PAGE
13,12,175,False,21,4,True,True,True,True,9,True,False,4,3,4,5,2,AI_GENERATION
18,5,231,True,1,4,True,True,True,True,5,False,True,3,2,3,0,1,AI_INTERACTION
12,14,114,True,6,1,True,True,False,True,12,False,True,0,0,0,0,0,AI_CAPABLE_PAGE
17,8,32,True,18,3,True,True,True,False,11,False,False,0,0,0,0,0,AI_CAPABLE_PAGE
16,16,30,True,2,1,True,True,True,False,2,False,True,0,0,0,0,0,AI_CAPABLE_PAGE
20,8,111,True,17,0,True,True,True,False,6,False,True,0,0,0,0,0,AI_CAPABLE_PAGE
17,16,64,False,7,4,False,False,False,False,0,False,False,0,0,0,0,0,NON_AI
10,9,56,False,17,4,True,True,True,False,8,False,False,4,0,3,0,3,AI_INTERACTION
20,3,337,True,5,1,True,True,True,False,16,True,False,6,2,4,3,2,AI_GENERATION
18,33,150,True,17,2,True,True,True,False,4,False,True,2,1,0,0,3,AI_INTERACTION
19,29,331,True,11,1,True,True,True,True,4,True,True,4,1,2,0,2,AI_GENERATION
10,4,99,True,1,1,True,True,True,True,10,False,True,0,0,0,0,0,AI_CAPABLE_PAGE
16,22,851,True,6,1,True,True,True,True,15,True,True,1,4,3,0,2,AI_GENERATION
10,50,874,True,23,2,True,True,True,False,18,False,False,1,6,2,2,4,AI_GENERATION
17,32,426,False,17,3,False,False,False,False,0,False,False,0,0,0,0,0,NON_AI
24,13,107,True,5,2,True,True,True,True,9,False,False,3,2,1,0,1,AI_INTERACTION
17,20,437,False,7,1,True,True,True,False,3,False,False,1,0,2,0,1,AI_INTERACTION
21,1,25,True,10,3,True,True,False,True,6,False,False,0,0,0,0,0,AI_CAPABLE_PAGE
19,24,43,True,23,2,True,True,True,False,4,False,False,0,0,0,0,0,AI_CAPABLE_PAGE
22,28,279,False,10,1,False,False,False,False,0,False,False,0,0,0,0,0,NON_AI
17,9,36,True,21,2,True,True,True,False,11,False,True,0,0,0,0,0,AI_CAPABLE_PAGE
13,23,366,True,0,4,True,True,True,True,6,False,False,3,1,1,0,3,AI_INTERACTION
20,27,246,True,9,4,True,True,True,True,13,False,True,4,2,3,0,3,AI_INTERACTION
24,15,428,False,9,2,False,False,False,False,0,False,False,0,0,0,0,0,NON_AI
10,3,100,False,12,3,False,False,False,False,0,False,False,0,0,0,0,0,NON_AI
20,31,275,False,4,4,True,True,True,False,8,False,True,3,1,3,0,2,AI_INTERACTION
9,7,25,False,1,5,False,False,False,False,0,False,False,0,0,0,0,0,NON_AI
25,2,195,False,3,2,False,False,False,False,0,False,False,0,0,0,0,0,NON_AI
11,4,580,True,19,4,True,True,True,False,7,True,True,2,5,1,3,3,AI_GENERATION
12,8,543,False,11,0,False,False,False,False,0,False,False,0,0,0,0,0,NON_AI
21,25,79,True,18,2,True,True,False,False,8,False,False,0,0,0,0,0,AI_CAPABLE_PAGE
10,19,313,True,23,3,True,True,True,True,16,True,True,3,2,1,0,2,AI_GENERATION
12,9,244,True,17,4,True,True,True,False,5,False,False,4,0,1,0,1,AI_INTERACTION
21,9,79,True,11,2,True,True,True,False,11,False,True,0,0,0,0,0,AI_CAPABLE_PAGE
23,29,248,True,23,1,True,True,True,False,11,False,True,3,3,3,0,3,AI_INTERACTION
20,17,16,True,15,2,True,True,True,False,6,False,False,0,0,0,0,0,AI_CAPABLE_PAGE
18,25,95,True,18,3,True,True,True,True,9,False,True,1,3,3,0,1,AI_INTERACTION
16,11,25,True,3,1,True,True,True,True,5,False,False,0,0,0,0,0,AI_CAPABLE_PAGE
13,34,394,False,4,5,False,False,False,False,0,False,False,0,0,0,0,0,NON_AI
15,25,68,True,17,2,True,True,True,True,16,True,True,5,8,1,5,3,AI_GENERATION
16,2,47,True,0,0,True,True,True,False,8,False,False,0,0,0,0,0,AI_CAPABLE_PAGE
11,2,101,True,20,0,True,True,True,False,2,False,False,0,0,0,0,0,AI_CAPABLE_PAGE
15,32,400,False,3,1,False,False,False,False,0,False,False,0,0,0,0,0,NON_AI
14,15,104,True,2,4,True,True,True,True,4,False,True,8,5,5,6,2,AI_GENERATION
21,35,297,False,13,0,False,False,False,False,1,False,False,0,0,0,0,0,NON_AI
13,21,596,False,23,2,False,False,False,False,0,False,False,0,0,0,0,0,NON_AI
14,36,854,True,23,1,True,True,True,True,9,True,False,8,4,2,2,4,AI_GENERATION
25,31,264,False,9,4,False,False,False,False,0,False,False,0,0,0,0,0,NON_AI
10,10,10,True,21,0,True,True,True,False,3,False,False,0,0,0,0,0,AI_CAPABLE_PAGE
10,17,112,True,0,4,True,True,True,False,8,False,True,4,3,1,0,2,AI_INTERACTION
17,7,273,True,2,1,True,True,True,True,14,False,False,1,3,3,0,3,AI_INTERACTION
17,18,110,True,22,1,True,True,True,False,6,False,False,1,3,2,0,3,AI_INTERACTION
14,8,331,True,21,3,True,True,True,False,14,False,False,4,3,3,0,1,AI_INTERACTION
23,2,97,False,12,4,False,False,False,False,0,False,False,0,0,1,0,0,NON_AI
17,21,219,True,10,3,True,True,True,False,8,False,False,4,3,3,0,1,AI_INTERACTION
24,10,275,True,16,4,True,True,True,False,15,False,False,2,2,3,0,1,AI_INTERACTION
16,32,315,True,10,3,True,True,True,True,10,False,True,4,1,1,0,3,AI_INTERACTION
11,7,619,True,14,4,True,True,True,True,11,False,False,5,3,5,2,4,AI_GENERATION
13,35,220,True,12,3,True,True,True,False,10,False,True,3,2,2,0,1,AI_INTERACTION
16,23,414,True,12,1,True,True,True,False,13,False,False,2,0,1,0,2,AI_INTERACTION
23,6,486,False,11,3,False,False,False,False,0,False,False,0,0,0,0,0,NON_AI
8,28,94,False,9,5,False,False,False,False,0,False,False,0,0,0,0,0,NON_AI
24,19,206,False,22,2,True,True,True,False,14,False,False,4,0,0,0,2,AI_INTERACTION
23,31,164,True,14,2,True,True,True,True,5,True,False,5,6,4,3,3,AI_GENERATION
16,7,327,True,17,3,True,True,True,True,14,False,True,4,2,0,2,4,AI_GENERATION
12,17,853,True,12,1,True,True,True,True,13,True,False,4,8,5,0,3,AI_GENERATION
11,33,882,True,4,1,True,True,True,True,17,True,False,1,2,4,0,4,AI_GENERATION
19,32,369,True,10,1,True,True,True,False,9,False,True,4,0,2,0,2,AI_INTERACTION
23,8,178,True,18,4,True,True,True,False,6,False,True,4,0,2,0,2,AI_INTERACTION
14,18,567,False,4,2,False,False,False,False,0,False,False,0,0,0,0,0,NON_AI
22,13,56,True,19,2,True,True,True,True,11,False,True,0,0,0,0,0,AI_CAPABLE_PAGE
22,18,20,True,11,0,True,True,False,False,7,False,False,0,0,0,0,0,AI_CAPABLE_PAGE
14,3,651,True,11,4,True,True,True,False,4,True,False,1,2,5,0,3,AI_GENERATION
16,48,532,True,2,3,True,True,True,False,20,True,False,7,7,1,4,2,AI_GENERATION
20,24,115,False,21,1,False,False,False,False,0,False,False,0,0,0,0,0,NON_AI
13,22,320,True,19,4,True,True,True,True,15,False,True,4,3,1,0,1,AI_INTERACTION
14,25,349,False,13,1,True,True,True,False,15,False,False,2,1,0,0,1,AI_INTERACTION
14,24,446,False,2,5,False,False,False,False,0,False,False,0,0,0,0,0,NON_AI
16,17,91,True,19,1,True,True,True,False,8,False,False,0,0,0,0,0,AI_CAPABLE_PAGE
12,11,75,True,0,0,True,True,False,True,3,False,False,0,0,0,0,0,AI_CAPABLE_PAGE
18,7,14,True,20,2,True,True,False,False,5,False,False,0,0,0,0,0,AI_CAPABLE_PAGE
11,2,413,True,21,4,True,True,True,False,10,False,False,1,3,2,0,3,AI_INTERACTION
23,33,200,True,13,2,True,True,True,True,9,True,True,1,6,1,0,2,AI_GENERATION
18,41,359,True,1,3,True,True,True,False,6,True,False,6,2,4,0,4,AI_GENERATION
13,19,261,False,4,0,False,False,False,False,0,False,False,0,0,1,0,0,NON_AI
8,40,207,False,14,4,False,False,False,False,1,False,False,0,0,0,0,0,NON_AI
20,4,48,True,6,2,True,True,True,False,7,False,False,0,0,0,0,0,AI_CAPABLE_PAGE
22,12,202,True,10,4,True,True,True,False,4,False,True,1,1,3,0,2,AI_INTERACTION
12,3,51,False,6,2,True,False,True,True,8,False,False,0,0,0,0,0,AI_CAPABLE_PAGE
20,34,90,False,3,2,False,False,False,False,0,False,False,0,0,0,0,0,NON_AI
19,29,394,True,6,3,True,True,True,False,19,True,False,1,2,4,5,2,AI_GENERATION
17,14,548,False,15,4,False,False,False,False,0,False,True,0,0,0,0,0,NON_AI
16,27,402,False,14,5,False,False,False,False,0,False,False,0,0,0,0,1,NON_AI
14,22,261,True,0,2,True,True,True,False,5,False,False,4,3,0,0,2,AI_INTERACTION
21,50,290,True,4,4,True,True,True,True,5,True,True,8,3,1,5,3,AI_GENERATION
13,15,33,True,2,2,True,True,True,False,3,False,False,0,0,0,0,0,AI_CAPABLE_PAGE
17,26,415,True,3,4,True,True,True,False,12,False,False,4,0,3,0,1,AI_INTERACTION
14,1,78,True,9,1,True,True,True,True,6,False,False,0,0,0,0,0,AI_CAPABLE_PAGE
13,7,76,True,1,0,True,True,True,True,12,False,True,0,0,0,0,0,AI_CAPABLE_PAGE
20,20,469,False,2,5,False,False,False,False,0,False,False,0,0,0,0,0,NON_AI
22,4,105,True,3,1,True,True,True,True,12,False,False,0,0,0,0,0,AI_CAPABLE_PAGE
20,32,274,True,3,2,True,True,True,False,13,False,False,1,1,1,0,3,AI_INTERACTION
12,14,219,True,1,3,True,True,True,True,13,False,False,3,4,3,2,4,AI_GENERATION
16,5,27,False,2,1,False,False,False,False,0,False,False,0,0,0,0,0,NON_AI
15,4,429,False,4,2,True,True,True,True,9,True,True,6,5,4,6,3,AI_GENERATION
16,19,76,True,16,3,True,True,False,False,12,False,False,0,0,0,0,0,AI_CAPABLE_PAGE
17,20,340,False,2,4,False,False,False,False,0,False,False,0,0,0,0,0,NON_AI
24,24,832,False,18,4,True,True,True,True,9,True,True,7,5,1,0,3,AI_GENERATION
13,49,674,False,12,1,True,True,True,True,19,True,True,3,1,4,1,4,AI_GENERATION
20,9,775,True,23,2,True,True,True,True,9,True,False,8,3,4,0,2,AI_GENERATION
10,17,98,True,23,2,True,True,True,False,8,False,False,0,0,0,0,0,AI_CAPABLE_PAGE
20,21,139,True,15,1,True,True,True,False,10,False,True,4,0,1,0,1,AI_INTERACTION
24,20,423,False,10,3,False,False,False,False,0,False,False,0,0,0,0,0,NON_AI
18,3,497,True,11,4,True,True,True,True,9,True,True,2,1,5,3,2,AI_GENERATION
10,10,333,False,0,4,True,True,True,True,5,False,False,4,0,2,0,3,AI_INTERACTION
19,35,127,True,0,3,True,True,True,False,17,True,False,2,1,2,2,2,AI_GENERATION
17,18,119,True,10,3,True,True,False,False,2,False,False,0,0,0,0,0,AI_CAPABLE_PAGE
14,30,225,True,5,1,True,True,True,True,6,False,False,4,2,0,0,2,AI_INTERACTION
10,7,35,False,19,1,True,True,True,True,2,False,True,0,0,0,0,0,AI_CAPABLE_PAGE
13,20,202,True,1,3,True,True,True,False,13,False,True,1,0,2,0,3,AI_INTERACTION
20,3,119,True,22,4,True,True,True,False,13,False,False,2,1,2,0,2,AI_INTERACTION
17,38,356,False,20,2,True,True,True,True,6,True,False,1,8,2,4,4,AI_GENERATION
12,13,104,False,12,2,True,False,True,True,8,False,False,0,0,0,0,0,AI_CAPABLE_PAGE
20,27,56,False,18,4,True,True,True,True,13,False,True,2,3,2,0,3,AI_INTERACTION
12,20,15,False,0,4,False,False,False,False,0,False,False,0,0,0,0,1,NON_AI
17,39,587,False,9,3,False,False,False,False,0,False,False,0,0,0,0,0,NON_AI
15,13,228,False,17,3,True,True,True,False,12,False,False,1,0,1,0,1,AI_INTERACTION
13,26,392,False,12,3,True,True,True,True,10,True,False,3,4,3,3,2,AI_GENERATION
25,27,108,False,18,1,True,True,True,False,12,True,True,5,2,1,2,2,AI_GENERATION
23,34,371,False,18,1,False,False,False,False,0,False,False,0,0,0,0,0,NON_AI
19,22,330,True,23,2,True,True,True,False,14,True,True,7,5,4,1,2,AI_GENERATION
22,5,23,True,18,3,True,True,True,False,6,False,True,0,0,0,0,0,AI_CAPABLE_PAGE
18,2,108,True,2,2,True,True,True,False,3,False,False,0,0,0,0,0,AI_CAPABLE_PAGE
18,13,415,True,19,4,True,True,True,False,14,False,False,4,3,1,0,2,AI_INTERACTION
14,23,221,False,13,5,False,False,False,False,0,False,False,0,0,0,0,0,NON_AI
10,28,311,True,6,1,True,True,True,True,12,False,False,3,0,2,0,3,AI_INTERACTION
21,15,185,False,22,4,False,False,False,False,0,False,False,0,0,0,0,0,NON_AI
11,10,109,True,17,3,True,True,True,True,4,True,False,4,6,1,1,4,AI_GENERATION
10,12,634,True,12,2,True,True,True,True,15,True,False,4,7,2,5,4,AI_GENERATION
25,31,264,False,1,5,False,False,False,False,0,False,False,0,0,0,0,0,NON_AI
16,28,390,False,11,3,False,False,False,False,0,False,False,0,0,0,0,0,NON_AI
23,37,175,False,11,1,False,False,False,False,0,False,False,0,0,0,0,0,NON_AI
22,35,182,True,15,2,True,True,True,True,11,False,True,2,2,2,0,2,AI_INTERACTION
17,13,393,True,7,2,True,True,True,False,15,False,True,4,1,0,0,2,AI_INTERACTION
11,15,77,True,9,2,True,True,True,False,6,True,False,6,2,3,0,2,AI_GENERATION
13,30,153,True,14,1,True,True,True,False,8,False,False,2,1,3,0,3,AI_INTERACTION
14,9,755,True,16,1,True,True,True,True,19,True,False,2,7,1,6,2,AI_GENERATION
21,39,654,True,9,3,True,True,True,True,4,True,False,8,5,4,0,2,AI_GENERATION
15,18,168,False,22,0,False,False,False,False,1,False,False,0,0,0,0,0,NON_AI
15,5,83,False,18,3,True,True,True,True,11,False,True,0,0,0,0,0,AI_CAPABLE_PAGE
17,13,449,True,17,3,True,True,True,False,13,False,False,1,3,1,0,3,AI_INTERACTION
9,1,427,False,4,5,False,False,False,False,0,False,True,0,0,0,0,0,NON_AI
12,20,93,True,1,1,True,True,True,False,3,False,False,0,0,0,0,0,AI_CAPABLE_PAGE
22,12,85,True,14,0,True,True,False,True,7,False,False,0,0,0,0,0,AI_CAPABLE_PAGE
14,14,93,True,15,1,True,True,True,False,10,False,False,0,0,0,0,0,AI_CAPABLE_PAGE
10,4,185,True,4,2,True,True,True,False,6,False,False,2,3,2,0,1,AI_INTERACTION
24,34,166,False,1,4,False,False,False,False,0,False,False,0,0,0,0,0,NON_AI
24,12,174,True,14,1,True,True,True,False,20,True,False,5,1,0,0,4,AI_GENERATION
19,38,788,True,9,2,True,True,True,False,8,False,False,8,7,4,5,4,AI_GENERATION
12,27,547,True,22,4,True,True,True,True,16,True,False,4,4,5,5,3,AI_GENERATION
18,13,273,True,18,3,True,True,True,False,9,False,False,1,2,0,0,3,AI_INTERACTION
18,20,277,True,12,4,True,True,True,True,18,True,False,6,7,2,4,3,AI_GENERATION
18,3,101,True,14,1,True,True,True,False,9,False,True,0,0,0,0,0,AI_CAPABLE_PAGE
8,26,286,False,0,4,False,False,False,False,0,False,False,0,0,0,0,0,NON_AI
21,47,826,False,4,1,True,True,True,True,7,True,False,5,3,3,1,2,AI_GENERATION
16,17,96,True,7,2,True,True,True,True,6,False,False,0,0,0,0,0,AI_CAPABLE_PAGE
19,29,662,True,21,1,True,True,True,True,10,True,False,1,8,3,2,2,AI_GENERATION
13,7,167,True,20,1,True,True,True,False,3,False,False,1,2,0,0,1,AI_INTERACTION
10,25,78,True,16,1,True,True,True,True,9,False,True,3,0,1,0,1,AI_INTERACTION
20,6,341,False,21,4,False,False,False,False,0,False,False,0,0,0,0,0,NON_AI
22,3,24,True,9,3,True,True,True,True,7,False,True,0,0,0,0,0,AI_CAPABLE_PAGE
25,32,193,False,17,5,False,False,False,False,0,False,False,0,0,0,0,0,NON_AI
15,18,312,True,9,3,True,True,True,True,10,False,False,1,2,0,0,1,AI_INTERACTION
23,30,110,False,5,4,True,True,True,True,11,False,False,4,1,0,0,2,AI_INTERACTION
19,9,11,True,11,1,True,True,True,True,5,False,False,0,0,0,0,0,AI_CAPABLE_PAGE
15,5,119,True,17,0,True,True,True,True,10,False,False,0,0,0,0,0,AI_CAPABLE_PAGE
12,22,417,False,5,4,True,True,True,False,12,False,True,4,2,1,0,2,AI_INTERACTION
17,24,58,True,5,1,True,True,True,False,9,False,True,0,0,0,0,0,AI_CAPABLE_PAGE
18,22,434,True,9,3,True,True,True,False,14,False,True,1,0,1,0,3,AI_INTERACTION
14,9,655,True,9,2,True,True,True,True,5,True,False,8,8,4,4,4,AI_GENERATION
20,35,379,True,19,2,True,True,True,True,3,False,False,3,2,2,0,2,AI_INTERACTION
18,13,10,True,5,2,True,True,True,False,4,False,True,0,0,0,0,0,AI_CAPABLE_PAGE
20,17,10,True,8,1,True,True,True,True,11,False,True,0,0,0,0,0,AI_CAPABLE_PAGE
22,4,5,False,14,3,True,False,True,False,10,False,True,0,0,0,0,0,AI_CAPABLE_PAGE
19,7,133,True,20,1,True,True,True,False,14,True,False,3,6,2,0,2,AI_GENERATION
22,19,116,True,22,1,True,True,False,False,7,False,False,0,0,0,0,0,AI_CAPABLE_PAGE
24,35,506,False,22,4,False,False,False,False,0,False,False,0,0,0,0,0,NON_AI
13,17,394,True,12,4,True,True,True,False,17,True,False,4,7,5,5,4,AI_GENERATION
10,46,595,False,18,2,True,True,True,True,11,True,True,4,7,1,0,4,AI_GENERATION
18,21,423,True,1,4,True,True,True,False,6,False,False,3,0,1,0,2,AI_INTERACTION
15,37,431,False,5,5,False,False,False,False,0,False,False,0,0,0,0,0,NON_AI
20,5,404,True,7,3,True,True,True,True,17,True,False,1,2,0,0,4,AI_GENERATION
17,20,145,True,5,4,True,True,True,False,15,False,False,1,0,0,0,1,AI_INTERACTION
18,19,65,True,15,1,True,True,True,False,9,False,False,0,0,0,0,0,AI_CAPABLE_PAGE
20,11,24,True,9,0,True,True,False,False,10,False,False,0,0,0,0,0,AI_CAPABLE_PAGE
15,29,289,False,0,1,False,False,False,False,0,False,False,0,0,0,0,0,NON_AI
21,11,195,True,23,3,True,True,True,True,10,False,False,4,2,0,0,3,AI_INTERACTION
14,9,89,True,17,1,True,True,True,True,9,False,False,0,0,0,0,0,AI_CAPABLE_PAGE
15,18,317,True,3,2,True,True,True,False,12,True,False,1,2,0,5,2,AI_GENERATION
10,11,225,True,20,1,True,True,True,False,6,False,False,4,0,0,0,3,AI_INTERACTION
13,9,835,True,8,1,True,True,True,True,10,False,False,2,8,1,5,3,AI_GENERATION
18,13,713,True,2,2,True,True,True,False,9,True,True,5,4,5,0,3,AI_GENERATION
18,9,396,True,20,1,True,True,True,False,14,False,True,4,0,2,0,2,AI_INTERACTION
20,32,80,False,18,5,False,False,False,False,0,False,False,0,0,0,0,0,NON_AI
10,21,104,True,20,3,True,True,True,False,7,False,False,0,0,0,0,0,AI_CAPABLE_PAGE
8,11,522,False,15,3,False,False,False,False,0,False,False,0,0,0,0,0,NON_AI
20,37,509,True,11,3,True,True,True,False,20,True,True,5,4,4,5,4,AI_GENERATION
10,21,95,True,16,1,True,True,True,True,9,False,True,0,0,0,0,0,AI_CAPABLE_PAGE
21,13,97,True,10,3,True,True,True,False,11,False,False,0,0,0,0,0,AI_CAPABLE_PAGE
23,39,553,False,0,5,False,False,False,False,0,False,False,0,0,0,0,0,NON_AI
20,12,103,True,9,2,True,True,True,False,4,False,False,0,0,0,0,0,AI_CAPABLE_PAGE
14,26,375,False,1,3,True,True,True,False,9,False,True,4,0,3,0,1,AI_INTERACTION
21,34,408,True,22,2,True,True,True,False,11,False,False,4,1,1,0,3,AI_INTERACTION
19,8,489,True,12,3,True,True,True,True,5,True,True,6,1,0,4,2,AI_GENERATION
15,11,467,False,2,0,False,False,False,False,0,False,False,0,0,0,0,0,NON_AI
18,6,40,True,15,4,True,True,True,True,12,False,True,2,3,2,0,2,AI_INTERACTION
23,31,311,False,0,3,False,False,False,False,0,False,False,0,0,0,0,0,NON_AI
20,30,609,True,2,2,True,True,True,True,19,True,False,2,5,2,5,2,AI_GENERATION
14,12,96,True,13,1,True,True,True,True,2,False,True,0,0,0,0,0,AI_CAPABLE_PAGE
18,37,47,False,0,0,False,True,False,False,0,False,False,0,0,0,0,0,NON_AI
22,5,51,True,15,2,True,True,False,True,11,False,True,0,0,0,0,0,AI_CAPABLE_PAGE
19,42,181,False,22,4,True,True,True,False,4,True,True,1,1,0,2,3,AI_GENERATION
14,17,515,True,4,4,True,True,True,True,14,True,True,4,8,0,0,2,AI_GENERATION
12,3,197,True,11,3,True,True,True,False,13,False,True,3,0,1,0,2,AI_INTERACTION
16,7,338,True,4,3,True,True,True,False,13,False,False,2,0,2,0,3,AI_INTERACTION
14,26,769,True,4,2,True,True,True,False,20,True,False,5,6,5,5,2,AI_GENERATION
19,18,309,True,23,3,True,True,True,False,11,False,False,3,1,2,0,2,AI_INTERACTION
20,18,75,True,19,3,True,True,True,True,2,False,False,0,0,0,0,0,AI_CAPABLE_PAGE
18,39,890,False,15,1,True,True,True,True,18,True,False,8,1,1,5,2,AI_GENERATION
20,19,263,False,23,5,False,False,False,False,0,False,False,0,0,0,0,0,NON_AI
19,21,105,True,8,3,True,True,True,False,14,False,False,4,3,1,0,2,AI_INTERACTION
21,11,119,True,19,1,True,True,True,False,20,True,False,5,2,4,3,2,AI_GENERATION
19,19,289,True,9,1,True,True,True,False,20,True,False,2,2,3,0,4,AI_GENERATION
8,27,59,False,12,4,False,False,False,False,0,False,False,0,0,0,0,0,NON_AI
12,12,189,True,0,1,True,True,True,False,13,True,True,8,7,1,5,4,AI_GENERATION
15,14,66,True,23,3,True,True,True,True,2,False,True,0,0,0,0,0,AI_CAPABLE_PAGE
11,6,72,True,23,2,True,True,True,False,3,False,False,0,0,0,0,0,AI_CAPABLE_PAGE
21,3,134,True,12,3,True,True,True,True,16,True,True,2,8,4,3,2,AI_GENERATION
13,21,249,True,15,1,True,True,True,False,3,False,False,3,0,2,0,3,AI_INTERACTION
12,11,437,False,19,0,False,False,False,False,0,False,False,0,0,0,0,0,NON_AI
10,26,48,False,13,0,False,False,False,False,0,False,False,0,0,0,0,0,NON_AI
12,7,83,False,14,1,True,True,True,False,6,False,True,0,0,0,0,0,AI_CAPABLE_PAGE
20,17,345,True,16,4,True,True,True,True,5,True,False,2,4,4,5,3,AI_GENERATION
11,44,604,True,16,1,True,True,True,True,9,True,False,4,6,0,0,4,AI_GENERATION
25,39,92,False,3,1,False,False,False,False,0,False,False,0,0,1,0,0,NON_AI
20,19,359,True,9,3,True,True,True,False,13,True,False,7,4,4,2,4,AI_GENERATION
17,8,5,False,20,1,True,True,True,False,7,False,False,0,0,0,0,0,AI_CAPABLE_PAGE
10,31,50,True,18,1,True,True,True,True,7,False,True,3,0,0,0,2,AI_INTERACTION
20,27,540,True,13,4,True,True,True,True,5,True,True,5,4,3,0,3,AI_GENERATION
16,18,82,True,15,0,True,True,True,False,5,False,True,0,0,0,0,0,AI_CAPABLE_PAGE
23,16,286,False,14,0,False,False,False,False,0,False,False,0,0,0,0,0,NON_AI
20,18,42,True,21,0,True,True,True,False,5,False,False,0,0,0,0,0,AI_CAPABLE_PAGE
20,20,145,False,21,4,True,True,True,False,14,False,False,1,3,1,0,1,AI_INTERACTION
11,23,62,True,20,2,True,True,True,False,10,False,False,0,0,0,0,0,AI_CAPABLE_PAGE
13,47,665,True,17,1,True,True,True,True,8,True,False,1,5,2,0,2,AI_GENERATION
11,2,286,False,7,1,False,False,False,False,0,False,False,0,0,0,0,0,NON_AI
10,6,205,True,6,2,True,True,True,True,12,False,False,1,1,2,0,2,AI_INTERACTION
11,5,94,True,9,1,True,True,True,True,12,False,False,2,2,1,0,3,AI_INTERACTION
12,10,103,True,11,1,True,True,True,False,3,False,True,0,0,0,0,0,AI_CAPABLE_PAGE
22,38,420,True,8,4,True,True,True,True,4,True,True,8,6,0,4,4,AI_GENERATION
11,32,676,True,1,3,True,True,True,True,4,False,True,3,4,4,2,3,AI_GENERATION
21,9,47,True,16,3,True,True,True,False,11,False,True,0,0,0,0,0,AI_CAPABLE_PAGE
15,18,26,True,14,1,True,True,False,True,3,False,False,0,0,0,0,0,AI_CAPABLE_PAGE
24,39,482,True,14,2,True,True,True,True,4,True,True,2,8,4,0,3,AI_GENERATION
11,5,98,False,23,2,True,True,False,True,9,False,False,0,0,0,0,0,AI_CAPABLE_PAGE
18,50,630,True,13,4,True,True,True,True,14,False,False,5,3,0,3,3,AI_GENERATION
25,13,387,False,0,2,False,False,False,False,0,False,True,0,0,1,0,0,NON_AI
15,12,297,False,17,2,True,True,True,False,15,False,False,1,2,3,0,2,AI_INTERACTION
17,10,65,True,23,1,True,True,True,False,9,False,True,0,0,0,0,0,AI_CAPABLE_PAGE
13,22,371,False,14,4,False,False,False,False,0,False,False,0,0,0,0,0,NON_AI
23,29,87,False,19,0,False,False,False,False,0,False,False,0,0,1,0,0,NON_AI
14,22,113,True,5,0,True,True,True,False,12,False,False,0,0,0,0,0,AI_CAPABLE_PAGE
23,22,370,False,4,5,False,False,False,False,0,False,False,0,0,0,0,0,NON_AI
10,32,462,False,10,0,False,False,False,False,0,False,True,0,0,0,0,1,NON_AI
15,10,19,True,3,0,True,True,True,False,4,False,True,0,0,0,0,0,AI_CAPABLE_PAGE
10,19,72,False,20,1,True,True,True,False,12,False,False,1,3,0,0,1,AI_INTERACTION
25,14,210,False,6,4,False,False,False,False,0,False,False,0,0,0,0,0,NON_AI
14,7,124,True,6,4,True,True,True,True,6,False,True,3,0,3,0,1,AI_INTERACTION
17,25,423,False,10,5,False,False,False,False,0,False,False,0,0,0,0,0,NON_AI
22,12,230,False,15,1,True,True,True,True,7,False,False,1,2,1,0,1,AI_INTERACTION
12,18,399,True,2,4,True,True,True,False,15,False,True,3,2,1,0,3,AI_INTERACTION
23,22,393,True,18,3,True,True,True,False,13,False,False,1,0,1,0,3,AI_INTERACTION
20,12,106,True,2,1,True,True,True,True,19,False,False,1,1,3,5,3,AI_GENERATION
11,49,243,True,6,2,True,True,True,True,18,True,True,8,4,4,2,2,AI_GENERATION
19,4,429,True,11,1,True,True,True,True,8,False,False,2,1,2,0,1,AI_INTERACTION
12,45,198,True,10,3,True,True,True,False,5,True,True,7,1,0,3,2,AI_GENERATION
15,14,86,True,11,0,True,True,True,False,3,False,False,0,0,0,0,0,AI_CAPABLE_PAGE
12,16,204,False,18,4,True,True,True,True,10,False,False,1,0,1,0,1,AI_INTERACTION
24,27,438,False,22,3,False,False,False,False,0,False,False,0,0,0,0,0,NON_AI
12,29,556,False,15,2,False,False,False,False,0,False,False,0,0,0,0,0,NON_AI
15,4,418,False,21,2,False,False,False,False,0,False,False,0,0,0,0,0,NON_AI
24,26,272,True,5,1,True,True,True,False,8,False,False,2,3,0,0,2,AI_INTERACTION
17,12,398,True,9,1,True,True,True,False,13,True,False,4,3,1,0,2,AI_GENERATION
17,34,314,False,23,1,True,True,True,False,9,False,False,4,1,0,0,1,AI_INTERACTION
25,15,619,True,16,2,True,True,True,True,4,True,False,7,4,2,2,3,AI_GENERATION
18,23,71,False,17,4,False,False,False,False,0,False,False,0,0,0,0,0,NON_AI
13,2,85,True,8,1,True,True,False,False,9,False,True,0,0,0,0,0,AI_CAPABLE_PAGE
25,19,577,False,18,2,False,False,False,False,0,False,False,0,0,0,0,0,NON_AI
25,2,278,False,0,1,False,False,False,False,0,False,False,0,0,0,0,0,NON_AI
15,14,30,True,15,0,True,True,False,False,6,False,True,0,0,0,0,0,AI_CAPABLE_PAGE
25,22,872,True,9,1,True,True,True,True,10,True,True,2,2,4,5,2,AI_GENERATION
24,3,349,False,19,1,False,False,False,False,0,False,False,0,0,0,0,0,NON_AI
12,7,92,False,21,2,False,False,False,False,0,False,False,0,0,0,0,0,NON_AI
16,25,216,False,7,3,True,True,True,False,4,False,False,2,2,1,0,3,AI_INTERACTION
11,29,473,False,21,4,False,False,False,False,0,False,False,0,0,0,0,1,NON_AI
19,50,727,True,1,3,True,True,True,False,6,True,True,2,1,1,5,4,AI_GENERATION
14,15,448,True,10,3,True,True,True,True,13,False,False,4,1,3,0,1,AI_INTERACTION
17,33,302,True,7,4,True,True,True,True,14,False,False,2,0,1,0,2,AI_INTERACTION
21,12,210,False,4,4,False,False,False,False,0,False,False,0,0,0,0,0,NON_AI
11,37,257,False,18,4,False,True,False,False,0,False,False,0,0,0,0,0,NON_AI
21,10,427,False,22,1,False,False,False,False,0,False,False,0,0,0,0,0,NON_AI
16,20,50,True,12,1,True,True,False,False,2,False,True,0,0,0,0,0,AI_CAPABLE_PAGE
10,39,400,False,19,3,True,True,True,True,14,True,True,7,3,2,3,4,AI_GENERATION
21,19,12,True,8,1,True,True,True,False,8,False,True,0,0,0,0,0,AI_CAPABLE_PAGE
11,28,248,True,15,1,True,True,True,False,3,False,False,3,0,3,0,1,AI_INTERACTION
15,12,367,True,16,4,True,True,True,True,10,False,True,2,3,1,0,2,AI_INTERACTION
12,14,7,True,19,1,True,True,True,True,8,False,False,0,0,0,0,0,AI_CAPABLE_PAGE
25,1,98,False,19,4,False,False,False,False,0,False,False,0,0,0,0,0,NON_AI
15,5,87,True,13,1,True,True,True,False,5,False,False,3,2,0,0,1,AI_INTERACTION
12,34,100,False,20,5,False,False,False,False,0,False,False,0,0,0,0,0,NON_AI
16,26,366,False,21,3,False,False,False,False,0,False,True,0,0,0,0,0,NON_AI
16,7,21,True,11,2,True,True,True,False,2,False,False,0,0,0,0,0,AI_CAPABLE_PAGE
12,11,452,False,20,3,False,False,False,False,0,False,False,0,0,0,0,0,NON_AI
22,25,400,True,17,2,True,True,True,True,3,False,True,2,2,0,0,3,AI_INTERACTION
16,3,81,False,21,2,False,False,False,False,0,False,True,0,0,0,0,0,NON_AI
16,21,78,True,6,1,True,True,True,True,8,False,True,0,0,0,0,0,AI_CAPABLE_PAGE
12,20,40,True,5,4,True,True,True,False,6,False,True,1,3,1,0,2,AI_INTERACTION
10,13,20,True,6,3,True,True,False,False,10,False,True,0,0,0,0,0,AI_CAPABLE_PAGE
13,5,272,True,23,4,True,True,True,True,7,True,True,5,2,3,0,2,AI_GENERATION
16,21,46,True,3,0,True,True,True,True,4,False,True,0,0,0,0,0,AI_CAPABLE_PAGE
22,7,102,True,1,1,True,True,True,True,4,False,False,0,0,0,0,0,AI_CAPABLE_PAGE
13,35,548,False,0,4,False,False,False,False,1,False,False,0,0,0,0,0,NON_AI
22,15,761,True,6,2,True,True,True,True,15,False,True,7,3,3,2,2,AI_GENERATION
18,49,850,False,20,3,True,True,True,False,15,True,False,7,6,4,0,3,AI_GENERATION
10,1,95,True,17,2,True,True,True,True,2,False,True,0,0,0,0,0,AI_CAPABLE_PAGE
10,26,842,True,17,2,True,True,True,True,9,True,True,6,6,5,0,2,AI_GENERATION
23,32,254,True,17,2,True,True,True,False,11,False,False,4,2,2,0,2,AI_INTERACTION
21,15,102,True,6,1,True,True,True,True,4,True,False,6,6,3,6,2,AI_GENERATION
23,4,233,True,0,1,True,True,True,True,9,True,False,3,3,0,3,3,AI_GENERATION
21,15,283,True,20,1,True,True,True,True,9,False,True,1,2,0,0,1,AI_INTERACTION
22,25,476,True,6,1,True,True,True,True,17,True,True,3,4,4,3,4,AI_GENERATION
20,4,660,True,13,2,True,True,True,True,9,True,False,3,2,1,4,3,AI_GENERATION
20,20,111,False,6,4,False,False,False,False,0,False,False,0,0,0,0,0,NON_AI
10,25,92,True,7,0,True,True,True,False,11,False,False,0,0,0,0,0,AI_CAPABLE_PAGE
11,12,70,False,23,0,False,True,True,False,4,False,False,0,0,0,0,0,AI_CAPABLE_PAGE
24,19,73,True,16,4,True,True,True,True,14,False,False,2,0,3,0,1,AI_INTERACTION
22,10,55,True,19,1,True,True,True,True,11,False,False,0,0,0,0,0,AI_CAPABLE_PAGE
13,31,449,True,15,1,True,True,True,True,12,False,False,3,2,3,0,3,AI_INTERACTION
15,4,548,False,7,5,False,False,False,False,0,False,False,0,0,0,0,0,NON_AI
15,1,55,True,6,2,True,True,True,False,2,False,False,0,0,0,0,0,AI_CAPABLE_PAGE
17,16,51,True,16,0,True,True,False,True,6,False,False,0,0,0,0,0,AI_CAPABLE_PAGE
22,27,58,False,11,2,True,True,True,False,15,False,True,2,1,2,0,2,AI_INTERACTION
12,16,5,True,3,0,True,True,False,False,8,False,False,0,0,0,0,0,AI_CAPABLE_PAGE
15,19,86,False,7,0,False,False,False,False,0,False,False,0,0,0,0,0,NON_AI
16,26,107,False,20,3,True,True,True,False,9,True,True,4,2,4,5,2,AI_GENERATION
13,18,124,True,9,3,True,True,True,False,10,False,False,3,1,2,0,2,AI_INTERACTION
21,15,76,True,9,3,True,True,True,True,7,False,True,0,0,0,0,0,AI_CAPABLE_PAGE
17,3,6,True,15,1,True,True,False,False,8,False,False,0,0,0,0,0,AI_CAPABLE_PAGE
15,15,237,True,13,4,True,True,True,False,10,False,False,4,2,2,0,2,AI_INTERACTION
17,1,59,True,21,1,True,True,True,False,12,False,False,0,0,0,0,0,AI_CAPABLE_PAGE
25,8,273,False,8,5,False,False,False,False,0,False,False,0,0,0,0,0,NON_AI
18,14,516,False,12,5,False,False,False,False,0,False,False,0,0,0,0,0,NON_AI
15,12,666,True,2,3,True,True,True,False,17,True,True,3,6,2,6,4,AI_GENERATION
13,22,578,False,13,3,False,False,False,False,0,False,False,0,0,0,0,0,NON_AI
17,11,268,True,16,3,True,True,True,False,13,False,True,4,2,0,0,2,AI_INTERACTION
10,6,99,True,17,0,True,True,True,False,3,False,False,0,0,0,0,0,AI_CAPABLE_PAGE
15,19,18,True,10,1,True,True,True,False,12,False,False,0,0,0,0,0,AI_CAPABLE_PAGE
17,38,754,True,5,1,True,True,True,False,19,True,False,7,5,4,3,3,AI_GENERATION
25,13,284,True,13,3,True,True,True,False,20,True,False,5,8,4,1,2,AI_GENERATION
23,29,22,False,2,2,False,False,False,False,0,False,False,0,0,0,0,0,NON_AI
17,24,295,False,0,1,True,True,True,False,7,True,False,7,8,3,5,3,AI_GENERATION
18,46,284,True,3,1,True,True,True,False,11,True,False,2,2,4,1,3,AI_GENERATION
10,10,32,True,13,1,True,True,True,True,13,False,False,4,1,1,0,3,AI_INTERACTION
25,14,411,True,18,2,True,True,True,True,11,False,False,4,6,4,5,4,AI_GENERATION
12,27,615,False,11,1,True,True,True,True,5,False,False,1,2,0,5,3,AI_GENERATION
22,46,271,True,2,2,True,True,True,False,10,True,False,7,8,3,6,2,AI_GENERATION
11,24,386,True,4,4,True,True,True,False,10,False,False,2,0,2,0,2,AI_INTERACTION
25,35,160,True,8,2,True,True,True,True,5,True,False,8,3,1,6,3,AI_GENERATION
11,12,290,True,9,2,True,True,True,True,8,True,True,7,1,1,3,2,AI_GENERATION
10,24,262,False,7,5,False,False,False,False,0,False,False,0,0,0,0,0,NON_AI
22,5,52,True,17,1,True,True,False,False,8,False,False,0,0,0,0,0,AI_CAPABLE_PAGE
12,23,67,True,18,3,True,True,True,False,15,False,False,4,0,3,0,3,AI_INTERACTION
22,39,311,True,7,1,True,True,True,False,14,True,False,7,2,2,6,3,AI_GENERATION
17,35,296,True,8,2,True,True,True,False,7,False,False,3,1,2,0,1,AI_INTERACTION
10,3,54,True,21,2,True,True,True,False,7,False,False,0,0,0,0,0,AI_CAPABLE_PAGE
21,10,355,True,17,4,True,True,True,True,11,False,True,3,2,3,5,2,AI_GENERATION
16,19,149,False,6,3,True,True,True,True,10,False,True,4,0,3,0,3,AI_INTERACTION
17,3,14,False,9,4,False,False,False,False,0,False,False,0,0,0,0,0,NON_AI
24,37,235,True,13,1,True,True,True,False,4,True,False,5,2,4,1,2,AI_GENERATION
24,26,726,False,13,1,True,True,True,False,7,True,True,1,5,1,0,4,AI_GENERATION
20,11,330,False,10,3,True,True,True,False,10,False,False,4,1,3,0,2,AI_INTERACTION
20,17,13,True,14,0,True,True,True,True,7,False,False,0,0,0,0,0,AI_CAPABLE_PAGE
15,19,85,True,19,3,True,True,False,True,8,False,True,0,0,0,0,0,AI_CAPABLE_PAGE
15,24,104,True,18,2,True,True,True,True,11,False,False,0,0,0,0,0,AI_CAPABLE_PAGE
25,13,631,True,14,1,True,True,True,True,18,True,False,1,4,3,1,3,AI_GENERATION
13,9,344,True,4,1,True,True,True,False,3,False,False,1,2,2,0,3,AI_INTERACTION
15,7,313,False,21,4,False,False,False,False,0,False,False,0,0,1,0,0,NON_AI
12,37,239,False,3,5,False,False,False,False,0,False,False,0,0,0,0,0,NON_AI
22,13,270,True,23,1,True,True,True,True,14,True,False,6,2,0,4,4,AI_GENERATION
21,4,33,True,4,1,True,True,True,False,5,False,True,0,0,0,0,0,AI_CAPABLE_PAGE
11,29,347,False,8,2,False,False,False,False,0,False,False,0,0,0,0,0,NON_AI
10,32,345,False,20,1,False,False,False,False,0,False,False,0,0,0,0,0,NON_AI
21,33,253,True,12,2,True,True,True,True,6,False,False,3,3,0,0,3,AI_INTERACTION
15,24,106,False,21,2,False,False,False,False,0,False,False,0,0,0,0,0,NON_AI
11,33,58,False,5,1,False,False,False,False,0,False,False,0,0,0,0,0,NON_AI
24,32,445,False,21,1,True,True,True,False,4,False,False,3,3,1,0,2,AI_INTERACTION
19,5,158,True,8,4,True,True,True,True,5,False,False,3,1,1,0,2,AI_INTERACTION
14,2,349,False,0,1,True,True,True,True,9,False,True,2,2,3,0,3,AI_INTERACTION
12,23,114,True,13,2,True,True,True,True,7,False,False,0,0,0,0,0,AI_CAPABLE_PAGE
8,25,276,False,14,2,False,False,False,False,0,False,False,0,0,0,0,0,NON_AI
23,34,471,True,21,1,True,True,True,True,9,True,False,5,8,2,0,3,AI_GENERATION
20,15,52,True,5,2,True,True,False,True,4,False,False,0,0,0,0,0,AI_CAPABLE_PAGE
22,32,176,False,2,4,False,True,False,False,0,False,False,0,0,0,0,0,NON_AI
18,2,87,True,8,1,True,True,True,True,15,False,True,2,3,1,0,1,AI_INTERACTION
22,46,600,True,4,4,True,True,True,True,20,True,False,1,8,3,4,3,AI_GENERATION
21,2,407,False,19,1,True,True,True,True,13,False,False,4,2,0,0,3,AI_INTERACTION
18,29,185,True,20,4,True,True,True,False,19,True,True,7,5,1,0,2,AI_GENERATION
17,29,104,True,13,1,True,True,True,True,18,False,False,4,4,1,3,2,AI_GENERATION
24,21,402,False,8,1,False,True,False,False,0,False,True,0,0,0,0,0,NON_AI
15,3,23,False,19,1,False,True,True,False,12,False,False,0,0,0,0,0,AI_CAPABLE_PAGE
10,15,107,True,14,0,True,True,False,False,11,False,False,0,0,0,0,0,AI_CAPABLE_PAGE
21,24,239,True,14,3,True,True,True,False,9,False,False,4,3,1,0,1,AI_INTERACTION
22,6,763,True,5,1,True,True,True,True,15,True,False,6,5,5,1,4,AI_GENERATION
21,15,48,True,22,0,True,True,True,False,4,False,False,0,0,0,0,0,AI_CAPABLE_PAGE
13,30,188,True,21,3,True,True,True,True,12,False,False,4,1,2,0,1,AI_INTERACTION
17,23,11,True,20,0,True,True,True,False,2,False,False,0,0,0,0,0,AI_CAPABLE_PAGE
10,13,102,False,21,2,True,True,True,True,14,False,False,2,3,3,0,2,AI_INTERACTION
14,34,188,True,3,2,True,True,True,False,8,False,False,4,3,1,0,1,AI_INTERACTION
12,22,420,False,12,3,True,True,True,False,13,False,False,4,3,0,0,2,AI_INTERACTION
20,22,34,False,15,2,False,False,False,False,0,False,False,0,0,0,0,0,NON_AI
10,37,109,False,17,1,False,False,False,False,0,False,False,0,0,0,0,0,NON_AI
22,8,40,True,0,0,True,True,True,False,8,False,False,0,0,0,0,0,AI_CAPABLE_PAGE
21,26,416,False,2,1,True,True,True,False,4,False,True,1,3,2,0,3,AI_INTERACTION
14,35,155,True,1,4,True,True,True,True,10,True,True,1,6,5,0,4,AI_GENERATION
11,7,404,True,19,3,True,True,True,True,13,False,False,4,3,0,0,3,AI_INTERACTION
21,34,396,True,18,3,True,True,True,False,8,True,False,2,1,1,0,2,AI_GENERATION
15,30,382,False,18,3,False,False,False,False,0,False,False,0,0,0,0,0,NON_AI
20,14,40,True,1,0,True,True,True,False,10,False,False,0,0,0,0,0,AI_CAPABLE_PAGE
15,22,283,True,22,4,True,True,True,False,13,False,True,2,3,3,0,3,AI_INTERACTION
